fuv_filename,nuv_filename
/home/hugi/fltops/pipe/01-vsn/05668-PTF10cwr/g/01-main/0001-img/07-try/PTF10cwr-ng-gsax.fits,/home/hugi/fltops/pipe/01-vsn/05668-PTF10cwr/g/01-main/0001-img/07-try/PTF10cwr-ng-gsax.fits
/home/lin3/fltops/pipe/01-vsn/05691-DNE_ZCAM_SPEC/g/01-main/0001-img/07-try/DNE_ZCAM_SPEC-fg-gsax.fits,/home/lin3/fltops/pipe/01-vsn/05691-DNE_ZCAM_SPEC/g/01-main/0001-img/07-try/DNE_ZCAM_SPEC-ng-gsax.fits
/home/svalin/fltops/pipe/01-vsn/05693-DNE_EF_PEG/g/01-main/0001-img/07-try/DNE_EF_PEG-fg-gsax.fits,/home/svalin/fltops/pipe/01-vsn/05693-DNE_EF_PEG/g/01-main/0001-img/07-try/DNE_EF_PEG-ng-gsax.fits
/home/eisa5/fltops/pipe/01-vsn/05695-HH49/g/01-main/0001-img/07-try/HH49-ng-gsax.fits,/home/eisa5/fltops/pipe/01-vsn/05695-HH49/g/01-main/0001-img/07-try/HH49-ng-gsax.fits
/home/svalin3/fltops/pipe/01-vsn/05697-VAR_J000836p545700/g/01-main/0001-img/07-try/VAR_J000836p545700-fg-gsax.fits,/home/svalin3/fltops/pipe/01-vsn/05697-VAR_J000836p545700/g/01-main/0001-img/07-try/VAR_J000836p545700-ng-gsax.fits
/home/eisa2/fltops/pipe/01-vsn/05699-T_Pyx/g/01-main/0001-img/07-try/T_Pyx-ng-gsax.fits,/home/eisa2/fltops/pipe/01-vsn/05699-T_Pyx/g/01-main/0001-img/07-try/T_Pyx-ng-gsax.fits
/home/eisa/fltops/pipe/01-vsn/05701-COMET_2009P1/g/01-main/0001-img/07-try/COMET_2009P1-ng-gsax.fits,/home/eisa/fltops/pipe/01-vsn/05701-COMET_2009P1/g/01-main/0001-img/07-try/COMET_2009P1-ng-gsax.fits
/home/lin2/fltops/pipe/01-vsn/05710-COMET_2003E1_A/g/01-main/0001-img/07-try/COMET_2003E1_A-fg-gsax.fits,/home/lin2/fltops/pipe/01-vsn/05710-COMET_2003E1_A/g/01-main/0001-img/07-try/COMET_2003E1_A-ng-gsax.fits
/home/eisa4/fltops/pipe/01-vsn/05712-COMET_2003E1_B/g/01-main/0001-img/07-try/COMET_2003E1_B-fg-gsax.fits,/home/eisa4/fltops/pipe/01-vsn/05712-COMET_2003E1_B/g/01-main/0001-img/07-try/COMET_2003E1_B-ng-gsax.fits
/home/lin/fltops/pipe/01-vsn/05714-SN2009hm/g/01-main/0001-img/07-try/SN2009hm-ng-gsax.fits,/home/lin/fltops/pipe/01-vsn/05714-SN2009hm/g/01-main/0001-img/07-try/SN2009hm-ng-gsax.fits
/home/lin/fltops/pipe/01-vsn/05716-SN2009iu/g/01-main/0001-img/07-try/SN2009iu-ng-gsax.fits,/home/lin/fltops/pipe/01-vsn/05716-SN2009iu/g/01-main/0001-img/07-try/SN2009iu-ng-gsax.fits
/home/eisa5/fltops/pipe/01-vsn/05720-SN2006X/g/01-main/0001-img/07-try/SN2006X-fg-gsax.fits,/home/eisa5/fltops/pipe/01-vsn/05720-SN2006X/g/01-main/0001-img/07-try/SN2006X-ng-gsax.fits
/home/hugi4/fltops/pipe/01-vsn/05721-SN2007on/g/01-main/0001-img/07-try/SN2007on-fg-gsax.fits,/home/hugi4/fltops/pipe/01-vsn/05721-SN2007on/g/01-main/0001-img/07-try/SN2007on-ng-gsax.fits
/home/eisa5/fltops/pipe/01-vsn/05722-COMET_73P_SW3_C1/g/01-main/0001-img/07-try/COMET_73P_SW3_C1-ng-gsax.fits,/home/eisa5/fltops/pipe/01-vsn/05722-COMET_73P_SW3_C1/g/01-main/0001-img/07-try/COMET_73P_SW3_C1-ng-gsax.fits
/home/eisa5/fltops/pipe/01-vsn/05724-COMET_73P_SW3_C2/g/01-main/0001-img/07-try/COMET_73P_SW3_C2-ng-gsax.fits,/home/eisa5/fltops/pipe/01-vsn/05724-COMET_73P_SW3_C2/g/01-main/0001-img/07-try/COMET_73P_SW3_C2-ng-gsax.fits
/home/eisa5/fltops/pipe/01-vsn/05730-COMET_73P_SW3_B1/g/01-main/0001-img/07-try/COMET_73P_SW3_B1-ng-gsax.fits,/home/eisa5/fltops/pipe/01-vsn/05730-COMET_73P_SW3_B1/g/01-main/0001-img/07-try/COMET_73P_SW3_B1-ng-gsax.fits
/home/eisa5/fltops/pipe/01-vsn/05732-COMET_73P_SW3_B2/g/01-main/0001-img/07-try/COMET_73P_SW3_B2-ng-gsax.fits,/home/eisa5/fltops/pipe/01-vsn/05732-COMET_73P_SW3_B2/g/01-main/0001-img/07-try/COMET_73P_SW3_B2-ng-gsax.fits
/home/eisa2/fltops/pipe/01-vsn/05735-PTF11eon/g/01-main/0001-img/07-try/PTF11eon-ng-gsax.fits,/home/eisa2/fltops/pipe/01-vsn/05735-PTF11eon/g/01-main/0001-img/07-try/PTF11eon-ng-gsax.fits
/home/lin/fltops/pipe/01-vsn/05738-TT_Ari/g/01-main/0001-img/07-try/TT_Ari-ng-gsax.fits,/home/lin/fltops/pipe/01-vsn/05738-TT_Ari/g/01-main/0001-img/07-try/TT_Ari-ng-gsax.fits
/home/vili3/fltops/pipe/01-vsn/05746-CW_Leo/g/01-main/0001-img/07-try/CW_Leo-fg-gsax.fits,/home/vili3/fltops/pipe/01-vsn/05746-CW_Leo/g/01-main/0001-img/07-try/CW_Leo-ng-gsax.fits
/home/svalin2/fltops/pipe/01-vsn/05773-SDSSJ2044m0459/g/01-main/0001-img/07-try/SDSSJ2044m0459-fg-gsax.fits,/home/svalin2/fltops/pipe/01-vsn/05773-SDSSJ2044m0459/g/01-main/0001-img/07-try/SDSSJ2044m0459-ng-gsax.fits
/home/lin3/fltops/pipe/01-vsn/05776-V2276_Sgr/g/01-main/0001-img/07-try/V2276_Sgr-fg-gsax.fits,/home/lin3/fltops/pipe/01-vsn/05776-V2276_Sgr/g/01-main/0001-img/07-try/V2276_Sgr-ng-gsax.fits
/home/lin3/fltops/pipe/01-vsn/05778-PKS2155m304/g/01-main/0001-img/07-try/PKS2155m304-fg-gsax.fits,/home/lin3/fltops/pipe/01-vsn/05778-PKS2155m304/g/01-main/0001-img/07-try/PKS2155m304-ng-gsax.fits
/home/svalin/fltops/pipe/01-vsn/05780-HPQ_3C454p3/g/01-main/0001-img/07-try/HPQ_3C454p3-fg-gsax.fits,/home/svalin/fltops/pipe/01-vsn/05780-HPQ_3C454p3/g/01-main/0001-img/07-try/HPQ_3C454p3-ng-gsax.fits
/home/hugi4/fltops/pipe/01-vsn/05782-AB_Dra/g/01-main/0001-img/07-try/AB_Dra-fg-gsax.fits,/home/hugi4/fltops/pipe/01-vsn/05782-AB_Dra/g/01-main/0001-img/07-try/AB_Dra-ng-gsax.fits
/home/hugi/fltops/pipe/01-vsn/05784-CSS100217/g/01-main/0001-img/07-try/CSS100217-ng-gsax.fits,/home/hugi/fltops/pipe/01-vsn/05784-CSS100217/g/01-main/0001-img/07-try/CSS100217-ng-gsax.fits
/home/hugi4/fltops/pipe/01-vsn/05785-CSS081007/g/01-main/0001-img/07-try/CSS081007-fg-gsax.fits,/home/hugi4/fltops/pipe/01-vsn/05785-CSS081007/g/01-main/0001-img/07-try/CSS081007-ng-gsax.fits
/home/eisa2/fltops/pipe/01-vsn/05786-A_Ori/g/01-main/0001-img/07-try/A_Ori-fg-gsax.fits,/home/eisa2/fltops/pipe/01-vsn/05786-A_Ori/g/01-main/0001-img/07-try/A_Ori-ng-gsax.fits
/home/eisa2/fltops/pipe/01-vsn/05791-NGC3242/g/01-main/0001-img/07-try/NGC3242-fg-gsax.fits,/home/eisa2/fltops/pipe/01-vsn/05791-NGC3242/g/01-main/0001-img/07-try/NGC3242-ng-gsax.fits
CDFS_00-fg-gsax.fits,CDFS_00-ng-gsax.fits
/home/svalin/fltops/pipe/01-vsn/06251-DEEPZLE_00/g/01-main/0001-img/07-try/DEEPZLE_00-ng-gsax.fits,/home/svalin/fltops/pipe/01-vsn/06251-DEEPZLE_00/g/01-main/0001-img/07-try/DEEPZLE_00-ng-gsax.fits
/home/hugi2/fltops/pipe/01-vsn/06253-DEEPZLE_01/g/01-main/0001-img/07-try/DEEPZLE_01-fg-gsax.fits,/home/hugi2/fltops/pipe/01-vsn/06253-DEEPZLE_01/g/01-main/0001-img/07-try/DEEPZLE_01-ng-gsax.fits
/home/eisa/fltops/pipe/01-vsn/06451-ELAISS1_00/g/01-main/0001-img/07-try/ELAISS1_00-fg-gsax.fits,/home/eisa/fltops/pipe/01-vsn/06451-ELAISS1_00/g/01-main/0001-img/07-try/ELAISS1_00-ng-gsax.fits
/home/lin3/fltops/pipe/01-vsn/06454-ELAISS1_01/g/01-main/0001-img/07-try/ELAISS1_01-fg-gsax.fits,/home/lin3/fltops/pipe/01-vsn/06454-ELAISS1_01/g/01-main/0001-img/07-try/ELAISS1_01-ng-gsax.fits
/home/lin3/fltops/pipe/01-vsn/06456-ELAISS1_02/g/01-main/0001-img/07-try/ELAISS1_02-fg-gsax.fits,/home/lin3/fltops/pipe/01-vsn/06456-ELAISS1_02/g/01-main/0001-img/07-try/ELAISS1_02-ng-gsax.fits
/home/eisa/fltops/pipe/01-vsn/06466-ELAISS1_07/g/01-main/0001-img/07-try/ELAISS1_07-fg-gsax.fits,/home/eisa/fltops/pipe/01-vsn/06466-ELAISS1_07/g/01-main/0001-img/07-try/ELAISS1_07-ng-gsax.fits
/home/svalin/fltops/pipe/01-vsn/06501-GROTH_00/g/01-main/0001-img/07-try/GROTH_00-fg-gsax.fits,/home/svalin/fltops/pipe/01-vsn/06501-GROTH_00/g/01-main/0001-img/07-try/GROTH_00-ng-gsax.fits
/home/eisa4/fltops/pipe/01-vsn/06551-HDFN_00/g/01-main/0001-img/07-try/HDFN_00-fg-gsax.fits,/home/eisa4/fltops/pipe/01-vsn/06551-HDFN_00/g/01-main/0001-img/07-try/HDFN_00-ng-gsax.fits
/home/eisa4/fltops/pipe/01-vsn/06601-LOCK_00/g/01-main/0001-img/07-try/LOCK_00-fg-gsax.fits,/home/eisa4/fltops/pipe/01-vsn/06601-LOCK_00/g/01-main/0001-img/07-try/LOCK_00-ng-gsax.fits
/home/lin3/fltops/pipe/01-vsn/06612-LOCK_05/g/01-main/0001-img/07-try/LOCK_05-ng-gsax.fits,/home/lin3/fltops/pipe/01-vsn/06612-LOCK_05/g/01-main/0001-img/07-try/LOCK_05-ng-gsax.fits
/home/hugi2/fltops/pipe/01-vsn/06651-NGPDWS_00/g/01-main/0001-img/07-try/NGPDWS_00-fg-gsax.fits,/home/hugi2/fltops/pipe/01-vsn/06651-NGPDWS_00/g/01-main/0001-img/07-try/NGPDWS_00-ng-gsax.fits
/home/lin3/fltops/pipe/01-vsn/06751-SIRTFFL_00/g/01-main/0001-img/07-try/SIRTFFL_00-fg-gsax.fits,/home/lin3/fltops/pipe/01-vsn/06751-SIRTFFL_00/g/01-main/0001-img/07-try/SIRTFFL_00-ng-gsax.fits
/home/svalin/fltops/pipe/01-vsn/06754-SIRTFFL_01/g/01-main/0001-img/07-try/SIRTFFL_01-fg-gsax.fits,/home/svalin/fltops/pipe/01-vsn/06754-SIRTFFL_01/g/01-main/0001-img/07-try/SIRTFFL_01-ng-gsax.fits
/home/svalin3/fltops/pipe/01-vsn/06895-XMMLSS_21/g/01-main/0001-img/07-try/XMMLSS_21-fg-gsax.fits,/home/svalin3/fltops/pipe/01-vsn/06895-XMMLSS_21/g/01-main/0001-img/07-try/XMMLSS_21-ng-gsax.fits
/home/lin3/fltops/pipe/01-vsn/06950-COSMOS_00/g/01-main/0001-img/07-try/COSMOS_00-fg-gsax.fits,/home/lin3/fltops/pipe/01-vsn/06950-COSMOS_00/g/01-main/0001-img/07-try/COSMOS_00-ng-gsax.fits
/home/vili3/fltops/pipe/01-vsn/07061-IC2497/g/01-main/0001-img/07-try/IC2497-fg-gsax.fits,/home/vili3/fltops/pipe/01-vsn/07061-IC2497/g/01-main/0001-img/07-try/IC2497-ng-gsax.fits
/home/vili4/fltops/pipe/01-vsn/07063-J145309p045103/g/01-main/0001-img/07-try/J145309p045103-fg-gsax.fits,/home/vili4/fltops/pipe/01-vsn/07063-J145309p045103/g/01-main/0001-img/07-try/J145309p045103-ng-gsax.fits
/home/eisa4/fltops/pipe/01-vsn/07102-COMA_SPEC_A/g/01-main/0001-img/07-try/COMA_SPEC_A-fg-gsax.fits,/home/eisa4/fltops/pipe/01-vsn/07102-COMA_SPEC_A/g/01-main/0001-img/07-try/COMA_SPEC_A-ng-gsax.fits
/home/lin3/fltops/pipe/01-vsn/07104-A1367_SPEC_A/g/01-main/0001-img/07-try/A1367_SPEC_A-fg-gsax.fits,/home/lin3/fltops/pipe/01-vsn/07104-A1367_SPEC_A/g/01-main/0001-img/07-try/A1367_SPEC_A-ng-gsax.fits
/home/lin3/fltops/pipe/01-vsn/07106-VIRGO_SPEC_1/g/01-main/0001-img/07-try/VIRGO_SPEC_1-fg-gsax.fits,/home/lin3/fltops/pipe/01-vsn/07106-VIRGO_SPEC_1/g/01-main/0001-img/07-try/VIRGO_SPEC_1-ng-gsax.fits
/home/lin3/fltops/pipe/01-vsn/07108-VIRGO_SPEC_2/g/01-main/0001-img/07-try/VIRGO_SPEC_2-fg-gsax.fits,/home/lin3/fltops/pipe/01-vsn/07108-VIRGO_SPEC_2/g/01-main/0001-img/07-try/VIRGO_SPEC_2-ng-gsax.fits
/home/eisa5/fltops/pipe/01-vsn/07280-M83_tomos/g/01-main/0001-img/07-try/M83_tomos-fg-gsax.fits,/home/eisa5/fltops/pipe/01-vsn/07280-M83_tomos/g/01-main/0001-img/07-try/M83_tomos-ng-gsax.fits
/home/eisa4/fltops/pipe/01-vsn/21175-GI1_025001_HD36702/g/01-main/0001-img/07-try/GI1_025001_HD36702-fg-gsax.fits,/home/eisa4/fltops/pipe/01-vsn/21175-GI1_025001_HD36702/g/01-main/0001-img/07-try/GI1_025001_HD36702-ng-gsax.fits
/home/hugi3/fltops/pipe/01-vsn/21177-GI1_025002_HD88609/g/01-main/0001-img/07-try/GI1_025002_HD88609-fg-gsax.fits,/home/hugi3/fltops/pipe/01-vsn/21177-GI1_025002_HD88609/g/01-main/0001-img/07-try/GI1_025002_HD88609-ng-gsax.fits
/home/vili4/fltops/pipe/01-vsn/21179-GI1_025003_HD103036/g/01-main/0001-img/07-try/GI1_025003_HD103036-fg-gsax.fits,/home/vili4/fltops/pipe/01-vsn/21179-GI1_025003_HD103036/g/01-main/0001-img/07-try/GI1_025003_HD103036-ng-gsax.fits
/home/lin3/fltops/pipe/01-vsn/21181-GI1_025004_HD110184/g/01-main/0001-img/07-try/GI1_025004_HD110184-fg-gsax.fits,/home/lin3/fltops/pipe/01-vsn/21181-GI1_025004_HD110184/g/01-main/0001-img/07-try/GI1_025004_HD110184-ng-gsax.fits
/home/vili4/fltops/pipe/01-vsn/21183-GI1_025005_HD122956/g/01-main/0001-img/07-try/GI1_025005_HD122956-fg-gsax.fits,/home/vili4/fltops/pipe/01-vsn/21183-GI1_025005_HD122956/g/01-main/0001-img/07-try/GI1_025005_HD122956-ng-gsax.fits
/home/eisa5/fltops/pipe/01-vsn/21185-GI1_025006_HD187111/g/01-main/0001-img/07-try/GI1_025006_HD187111-fg-gsax.fits,/home/eisa5/fltops/pipe/01-vsn/21185-GI1_025006_HD187111/g/01-main/0001-img/07-try/GI1_025006_HD187111-ng-gsax.fits
/home/svalin3/fltops/pipe/01-vsn/21187-GI1_025007_HD216143/g/01-main/0001-img/07-try/GI1_025007_HD216143-fg-gsax.fits,/home/svalin3/fltops/pipe/01-vsn/21187-GI1_025007_HD216143/g/01-main/0001-img/07-try/GI1_025007_HD216143-ng-gsax.fits
/home/hugi2/fltops/pipe/01-vsn/21189-GI1_025008_HD221170/g/01-main/0001-img/07-try/GI1_025008_HD221170-fg-gsax.fits,/home/hugi2/fltops/pipe/01-vsn/21189-GI1_025008_HD221170/g/01-main/0001-img/07-try/GI1_025008_HD221170-ng-gsax.fits
/home/vili4/fltops/pipe/01-vsn/21224-GI1_033001_NGC4565/g/01-main/0001-img/07-try/GI1_033001_NGC4565-fg-gsax.fits,/home/vili4/fltops/pipe/01-vsn/21224-GI1_033001_NGC4565/g/01-main/0001-img/07-try/GI1_033001_NGC4565-ng-gsax.fits
/home/hugi3/fltops/pipe/01-vsn/21226-GI1_033002_NGC5907/g/01-main/0001-img/07-try/GI1_033002_NGC5907-fg-gsax.fits,/home/hugi3/fltops/pipe/01-vsn/21226-GI1_033002_NGC5907/g/01-main/0001-img/07-try/GI1_033002_NGC5907-ng-gsax.fits
/home/eisa4/fltops/pipe/01-vsn/21228-GI1_033003_NGC4631/g/01-main/0001-img/07-try/GI1_033003_NGC4631-fg-gsax.fits,/home/eisa4/fltops/pipe/01-vsn/21228-GI1_033003_NGC4631/g/01-main/0001-img/07-try/GI1_033003_NGC4631-ng-gsax.fits
/home/eisa5/fltops/pipe/01-vsn/21229-GI1_033004_NGC4244/g/01-main/0001-img/07-try/GI1_033004_NGC4244-fg-gsax.fits,/home/eisa5/fltops/pipe/01-vsn/21229-GI1_033004_NGC4244/g/01-main/0001-img/07-try/GI1_033004_NGC4244-ng-gsax.fits
/home/vili3/fltops/pipe/01-vsn/21231-GI1_033005_NGC4517/g/01-main/0001-img/07-try/GI1_033005_NGC4517-fg-gsax.fits,/home/vili3/fltops/pipe/01-vsn/21231-GI1_033005_NGC4517/g/01-main/0001-img/07-try/GI1_033005_NGC4517-ng-gsax.fits
/home/hugi3/fltops/pipe/01-vsn/21233-GI1_033006_NGC4157/g/01-main/0001-img/07-try/GI1_033006_NGC4157-fg-gsax.fits,/home/hugi3/fltops/pipe/01-vsn/21233-GI1_033006_NGC4157/g/01-main/0001-img/07-try/GI1_033006_NGC4157-ng-gsax.fits
/home/eisa4/fltops/pipe/01-vsn/21234-GI1_033007_NGC3079/g/01-main/0001-img/07-try/GI1_033007_NGC3079-fg-gsax.fits,/home/eisa4/fltops/pipe/01-vsn/21234-GI1_033007_NGC3079/g/01-main/0001-img/07-try/GI1_033007_NGC3079-ng-gsax.fits
/home/hugi3/fltops/pipe/01-vsn/21235-GI1_033008_NGC5775/g/01-main/0001-img/07-try/GI1_033008_NGC5775-fg-gsax.fits,/home/hugi3/fltops/pipe/01-vsn/21235-GI1_033008_NGC5775/g/01-main/0001-img/07-try/GI1_033008_NGC5775-ng-gsax.fits
/home/vili3/fltops/pipe/01-vsn/21237-GI1_033009_NGC4013/g/01-main/0001-img/07-try/GI1_033009_NGC4013-fg-gsax.fits,/home/vili3/fltops/pipe/01-vsn/21237-GI1_033009_NGC4013/g/01-main/0001-img/07-try/GI1_033009_NGC4013-ng-gsax.fits
/home/eisa4/fltops/pipe/01-vsn/21239-GI1_033010_NGC0891/g/01-main/0001-img/07-try/GI1_033010_NGC0891-fg-gsax.fits,/home/eisa4/fltops/pipe/01-vsn/21239-GI1_033010_NGC0891/g/01-main/0001-img/07-try/GI1_033010_NGC0891-ng-gsax.fits
/home/svalin2/fltops/pipe/01-vsn/21470-GI1_075001_CL1054m0321/g/01-main/0001-img/07-try/GI1_075001_CL1054m0321-fg-gsax.fits,/home/svalin2/fltops/pipe/01-vsn/21470-GI1_075001_CL1054m0321/g/01-main/0001-img/07-try/GI1_075001_CL1054m0321-ng-gsax.fits
/home/svalin3/fltops/pipe/01-vsn/21472-GI1_075002_CL0023p0423/g/01-main/0001-img/07-try/GI1_075002_CL0023p0423-fg-gsax.fits,/home/svalin3/fltops/pipe/01-vsn/21472-GI1_075002_CL0023p0423/g/01-main/0001-img/07-try/GI1_075002_CL0023p0423-ng-gsax.fits
/home/hugi3/fltops/pipe/01-vsn/21475-GI1_077001_BDp192550/g/01-main/0001-img/07-try/GI1_077001_BDp192550-fg-gsax.fits,/home/hugi3/fltops/pipe/01-vsn/21475-GI1_077001_BDp192550/g/01-main/0001-img/07-try/GI1_077001_BDp192550-ng-gsax.fits
/home/hugi3/fltops/pipe/01-vsn/21477-GI1_077002_BDp212398/g/01-main/0001-img/07-try/GI1_077002_BDp212398-fg-gsax.fits,/home/hugi3/fltops/pipe/01-vsn/21477-GI1_077002_BDp212398/g/01-main/0001-img/07-try/GI1_077002_BDp212398-ng-gsax.fits
/home/hugi3/fltops/pipe/01-vsn/21479-GI1_077004_BDp172428/g/01-main/0001-img/07-try/GI1_077004_BDp172428-fg-gsax.fits,/home/hugi3/fltops/pipe/01-vsn/21479-GI1_077004_BDp172428/g/01-main/0001-img/07-try/GI1_077004_BDp172428-ng-gsax.fits
/home/vili4/fltops/pipe/01-vsn/21481-GI1_077005_BDp202733/g/01-main/0001-img/07-try/GI1_077005_BDp202733-fg-gsax.fits,/home/vili4/fltops/pipe/01-vsn/21481-GI1_077005_BDp202733/g/01-main/0001-img/07-try/GI1_077005_BDp202733-ng-gsax.fits
/home/vili4/fltops/pipe/01-vsn/21483-GI1_077006_BDp312402/g/01-main/0001-img/07-try/GI1_077006_BDp312402-fg-gsax.fits,/home/vili4/fltops/pipe/01-vsn/21483-GI1_077006_BDp312402/g/01-main/0001-img/07-try/GI1_077006_BDp312402-ng-gsax.fits
/home/hugi3/fltops/pipe/01-vsn/21485-GI1_077007_HD107227/g/01-main/0001-img/07-try/GI1_077007_HD107227-fg-gsax.fits,/home/hugi3/fltops/pipe/01-vsn/21485-GI1_077007_HD107227/g/01-main/0001-img/07-try/GI1_077007_HD107227-ng-gsax.fits
/home/hugi3/fltops/pipe/01-vsn/21487-GI1_077008_FAUSTN_24/g/01-main/0001-img/07-try/GI1_077008_FAUSTN_24-fg-gsax.fits,/home/hugi3/fltops/pipe/01-vsn/21487-GI1_077008_FAUSTN_24/g/01-main/0001-img/07-try/GI1_077008_FAUSTN_24-ng-gsax.fits
/home/hugi3/fltops/pipe/01-vsn/21489-GI1_077009_Feige59/g/01-main/0001-img/07-try/GI1_077009_Feige59-fg-gsax.fits,/home/hugi3/fltops/pipe/01-vsn/21489-GI1_077009_Feige59/g/01-main/0001-img/07-try/GI1_077009_Feige59-ng-gsax.fits
/home/vili3/fltops/pipe/01-vsn/21491-GI1_077010_TYC2888961/g/01-main/0001-img/07-try/GI1_077010_TYC2888961-fg-gsax.fits,/home/vili3/fltops/pipe/01-vsn/21491-GI1_077010_TYC2888961/g/01-main/0001-img/07-try/GI1_077010_TYC2888961-ng-gsax.fits
/home/vili4/fltops/pipe/01-vsn/21493-GI1_077011_TYC8775461/g/01-main/0001-img/07-try/GI1_077011_TYC8775461-fg-gsax.fits,/home/vili4/fltops/pipe/01-vsn/21493-GI1_077011_TYC8775461/g/01-main/0001-img/07-try/GI1_077011_TYC8775461-ng-gsax.fits
/home/vili3/fltops/pipe/01-vsn/21495-GI1_077012_TYC8742271/g/01-main/0001-img/07-try/GI1_077012_TYC8742271-fg-gsax.fits,/home/vili3/fltops/pipe/01-vsn/21495-GI1_077012_TYC8742271/g/01-main/0001-img/07-try/GI1_077012_TYC8742271-ng-gsax.fits
/home/vili4/fltops/pipe/01-vsn/21497-GI1_077013_BDp162394/g/01-main/0001-img/07-try/GI1_077013_BDp162394-fg-gsax.fits,/home/vili4/fltops/pipe/01-vsn/21497-GI1_077013_BDp162394/g/01-main/0001-img/07-try/GI1_077013_BDp162394-ng-gsax.fits
/home/hugi3/fltops/pipe/01-vsn/21557-GI1_081001_CenAJet/g/01-main/0001-img/07-try/GI1_081001_CenAJet-fg-gsax.fits,/home/hugi3/fltops/pipe/01-vsn/21557-GI1_081001_CenAJet/g/01-main/0001-img/07-try/GI1_081001_CenAJet-ng-gsax.fits
/home/eisa4/fltops/pipe/01-vsn/21563-GI1_085004_NGC4631/g/01-main/0001-img/07-try/GI1_085004_NGC4631-fg-gsax.fits,/home/eisa4/fltops/pipe/01-vsn/21563-GI1_085004_NGC4631/g/01-main/0001-img/07-try/GI1_085004_NGC4631-ng-gsax.fits
/home/eisa4/fltops/pipe/01-vsn/21564-GI1_085005_NGC4656/g/01-main/0001-img/07-try/GI1_085005_NGC4656-ng-gsax.fits,/home/eisa4/fltops/pipe/01-vsn/21564-GI1_085005_NGC4656/g/01-main/0001-img/07-try/GI1_085005_NGC4656-ng-gsax.fits
/home/eisa4/fltops/pipe/01-vsn/21565-GI1_085007_NGC5055/g/01-main/0001-img/07-try/GI1_085007_NGC5055-fg-gsax.fits,/home/eisa4/fltops/pipe/01-vsn/21565-GI1_085007_NGC5055/g/01-main/0001-img/07-try/GI1_085007_NGC5055-ng-gsax.fits
/home/eisa4/fltops/pipe/01-vsn/21566-GI1_085008_NGC4559/g/01-main/0001-img/07-try/GI1_085008_NGC4559-fg-gsax.fits,/home/eisa4/fltops/pipe/01-vsn/21566-GI1_085008_NGC4559/g/01-main/0001-img/07-try/GI1_085008_NGC4559-ng-gsax.fits
/home/eisa4/fltops/pipe/01-vsn/21568-GI1_085011_NGC0628/g/01-main/0001-img/07-try/GI1_085011_NGC0628-fg-gsax.fits,/home/eisa4/fltops/pipe/01-vsn/21568-GI1_085011_NGC0628/g/01-main/0001-img/07-try/GI1_085011_NGC0628-ng-gsax.fits
/home/svalin2/fltops/pipe/01-vsn/21571-GI1_085014_NGC7331/g/01-main/0001-img/07-try/GI1_085014_NGC7331-fg-gsax.fits,/home/svalin2/fltops/pipe/01-vsn/21571-GI1_085014_NGC7331/g/01-main/0001-img/07-try/GI1_085014_NGC7331-ng-gsax.fits
/home/eisa4/fltops/pipe/01-vsn/21573-GI1_085016_NGC1291/g/01-main/0001-img/07-try/GI1_085016_NGC1291-fg-gsax.fits,/home/eisa4/fltops/pipe/01-vsn/21573-GI1_085016_NGC1291/g/01-main/0001-img/07-try/GI1_085016_NGC1291-ng-gsax.fits
/home/eisa4/fltops/pipe/01-vsn/21575-GI1_085017_NGC7424/g/01-main/0001-img/07-try/GI1_085017_NGC7424-fg-gsax.fits,/home/eisa4/fltops/pipe/01-vsn/21575-GI1_085017_NGC7424/g/01-main/0001-img/07-try/GI1_085017_NGC7424-ng-gsax.fits
/home/eisa4/fltops/pipe/01-vsn/21576-GI1_085019_NGC1097/g/01-main/0001-img/07-try/GI1_085019_NGC1097-fg-gsax.fits,/home/eisa4/fltops/pipe/01-vsn/21576-GI1_085019_NGC1097/g/01-main/0001-img/07-try/GI1_085019_NGC1097-ng-gsax.fits
/home/eisa4/fltops/pipe/01-vsn/21577-GI1_085020_NGC1512/g/01-main/0001-img/07-try/GI1_085020_NGC1512-fg-gsax.fits,/home/eisa4/fltops/pipe/01-vsn/21577-GI1_085020_NGC1512/g/01-main/0001-img/07-try/GI1_085020_NGC1512-ng-gsax.fits
/home/eisa4/fltops/pipe/01-vsn/21578-GI1_085021_NGC4594/g/01-main/0001-img/07-try/GI1_085021_NGC4594-ng-gsax.fits,/home/eisa4/fltops/pipe/01-vsn/21578-GI1_085021_NGC4594/g/01-main/0001-img/07-try/GI1_085021_NGC4594-ng-gsax.fits
/home/eisa4/fltops/pipe/01-vsn/21580-GI1_085025_NGC1566/g/01-main/0001-img/07-try/GI1_085025_NGC1566-fg-gsax.fits,/home/eisa4/fltops/pipe/01-vsn/21580-GI1_085025_NGC1566/g/01-main/0001-img/07-try/GI1_085025_NGC1566-ng-gsax.fits
/home/eisa4/fltops/pipe/01-vsn/21581-GI1_085026_NGC4486/g/01-main/0001-img/07-try/GI1_085026_NGC4486-ng-gsax.fits,/home/eisa4/fltops/pipe/01-vsn/21581-GI1_085026_NGC4486/g/01-main/0001-img/07-try/GI1_085026_NGC4486-ng-gsax.fits
/home/eisa4/fltops/pipe/01-vsn/21583-GI1_085027_NGC1744/g/01-main/0001-img/07-try/GI1_085027_NGC1744-fg-gsax.fits,/home/eisa4/fltops/pipe/01-vsn/21583-GI1_085027_NGC1744/g/01-main/0001-img/07-try/GI1_085027_NGC1744-ng-gsax.fits
/home/eisa4/fltops/pipe/01-vsn/21584-GI1_085029_NGC2768/g/01-main/0001-img/07-try/GI1_085029_NGC2768-fg-gsax.fits,/home/eisa4/fltops/pipe/01-vsn/21584-GI1_085029_NGC2768/g/01-main/0001-img/07-try/GI1_085029_NGC2768-ng-gsax.fits
/home/eisa4/fltops/pipe/01-vsn/21585-GI1_085032_NGC3079/g/01-main/0001-img/07-try/GI1_085032_NGC3079-fg-gsax.fits,/home/eisa4/fltops/pipe/01-vsn/21585-GI1_085032_NGC3079/g/01-main/0001-img/07-try/GI1_085032_NGC3079-ng-gsax.fits
/home/eisa4/fltops/pipe/01-vsn/21587-GI1_085036_NGC3351/g/01-main/0001-img/07-try/GI1_085036_NGC3351-fg-gsax.fits,/home/eisa4/fltops/pipe/01-vsn/21587-GI1_085036_NGC3351/g/01-main/0001-img/07-try/GI1_085036_NGC3351-ng-gsax.fits
/home/svalin2/fltops/pipe/01-vsn/21590-GI1_085038_NGC7090/g/01-main/0001-img/07-try/GI1_085038_NGC7090-ng-gsax.fits,/home/svalin2/fltops/pipe/01-vsn/21590-GI1_085038_NGC7090/g/01-main/0001-img/07-try/GI1_085038_NGC7090-ng-gsax.fits
/home/eisa4/fltops/pipe/01-vsn/21593-GI1_085043_NGC5068/g/01-main/0001-img/07-try/GI1_085043_NGC5068-ng-gsax.fits,/home/eisa4/fltops/pipe/01-vsn/21593-GI1_085043_NGC5068/g/01-main/0001-img/07-try/GI1_085043_NGC5068-ng-gsax.fits
/home/eisa4/fltops/pipe/01-vsn/21594-GI1_085047_NGC3344/g/01-main/0001-img/07-try/GI1_085047_NGC3344-fg-gsax.fits,/home/eisa4/fltops/pipe/01-vsn/21594-GI1_085047_NGC3344/g/01-main/0001-img/07-try/GI1_085047_NGC3344-ng-gsax.fits
/home/eisa4/fltops/pipe/01-vsn/21595-GI1_085048_NGC3486/g/01-main/0001-img/07-try/GI1_085048_NGC3486-ng-gsax.fits,/home/eisa4/fltops/pipe/01-vsn/21595-GI1_085048_NGC3486/g/01-main/0001-img/07-try/GI1_085048_NGC3486-ng-gsax.fits
/home/eisa4/fltops/pipe/01-vsn/21597-GI1_085050_NGC1399/g/01-main/0001-img/07-try/GI1_085050_NGC1399-fg-gsax.fits,/home/eisa4/fltops/pipe/01-vsn/21597-GI1_085050_NGC1399/g/01-main/0001-img/07-try/GI1_085050_NGC1399-ng-gsax.fits
/home/eisa4/fltops/pipe/01-vsn/21604-GI1_085062_NGC4374/g/01-main/0001-img/07-try/GI1_085062_NGC4374-ng-gsax.fits,/home/eisa4/fltops/pipe/01-vsn/21604-GI1_085062_NGC4374/g/01-main/0001-img/07-try/GI1_085062_NGC4374-ng-gsax.fits
/home/eisa4/fltops/pipe/01-vsn/21605-GI1_085063_NGC2541/g/01-main/0001-img/07-try/GI1_085063_NGC2541-fg-gsax.fits,/home/eisa4/fltops/pipe/01-vsn/21605-GI1_085063_NGC2541/g/01-main/0001-img/07-try/GI1_085063_NGC2541-ng-gsax.fits
/home/eisa4/fltops/pipe/01-vsn/21606-GI1_085064_NGC3319/g/01-main/0001-img/07-try/GI1_085064_NGC3319-ng-gsax.fits,/home/eisa4/fltops/pipe/01-vsn/21606-GI1_085064_NGC3319/g/01-main/0001-img/07-try/GI1_085064_NGC3319-ng-gsax.fits
/home/eisa4/fltops/pipe/01-vsn/21609-GI1_085070_NGC2146/g/01-main/0001-img/07-try/GI1_085070_NGC2146-fg-gsax.fits,/home/eisa4/fltops/pipe/01-vsn/21609-GI1_085070_NGC2146/g/01-main/0001-img/07-try/GI1_085070_NGC2146-ng-gsax.fits
/home/eisa4/fltops/pipe/01-vsn/21611-GI1_085079_NGC3511/g/01-main/0001-img/07-try/GI1_085079_NGC3511-fg-gsax.fits,/home/eisa4/fltops/pipe/01-vsn/21611-GI1_085079_NGC3511/g/01-main/0001-img/07-try/GI1_085079_NGC3511-ng-gsax.fits
/home/eisa4/fltops/pipe/01-vsn/21615-GI1_085092_NGC2784/g/01-main/0001-img/07-try/GI1_085092_NGC2784-fg-gsax.fits,/home/eisa4/fltops/pipe/01-vsn/21615-GI1_085092_NGC2784/g/01-main/0001-img/07-try/GI1_085092_NGC2784-ng-gsax.fits
/home/eisa4/fltops/pipe/01-vsn/21619-GI1_085095_PGC9888/g/01-main/0001-img/07-try/GI1_085095_PGC9888-fg-gsax.fits,/home/eisa4/fltops/pipe/01-vsn/21619-GI1_085095_PGC9888/g/01-main/0001-img/07-try/GI1_085095_PGC9888-ng-gsax.fits
/home/eisa4/fltops/pipe/01-vsn/21620-GI1_085097_NGC3938/g/01-main/0001-img/07-try/GI1_085097_NGC3938-ng-gsax.fits,/home/eisa4/fltops/pipe/01-vsn/21620-GI1_085097_NGC3938/g/01-main/0001-img/07-try/GI1_085097_NGC3938-ng-gsax.fits
/home/eisa4/fltops/pipe/01-vsn/21623-GI1_085101_NGC1792/g/01-main/0001-img/07-try/GI1_085101_NGC1792-fg-gsax.fits,/home/eisa4/fltops/pipe/01-vsn/21623-GI1_085101_NGC1792/g/01-main/0001-img/07-try/GI1_085101_NGC1792-ng-gsax.fits
/home/eisa4/fltops/pipe/01-vsn/21624-GI1_085103_NGC3377/g/01-main/0001-img/07-try/GI1_085103_NGC3377-ng-gsax.fits,/home/eisa4/fltops/pipe/01-vsn/21624-GI1_085103_NGC3377/g/01-main/0001-img/07-try/GI1_085103_NGC3377-ng-gsax.fits
/home/eisa4/fltops/pipe/01-vsn/21627-GI1_085112_NGC4242/g/01-main/0001-img/07-try/GI1_085112_NGC4242-ng-gsax.fits,/home/eisa4/fltops/pipe/01-vsn/21627-GI1_085112_NGC4242/g/01-main/0001-img/07-try/GI1_085112_NGC4242-ng-gsax.fits
/home/eisa4/fltops/pipe/01-vsn/21632-GI1_085125_NGC1042/g/01-main/0001-img/07-try/GI1_085125_NGC1042-fg-gsax.fits,/home/eisa4/fltops/pipe/01-vsn/21632-GI1_085125_NGC1042/g/01-main/0001-img/07-try/GI1_085125_NGC1042-ng-gsax.fits
/home/eisa4/fltops/pipe/01-vsn/21633-GI1_085127_IC2233/g/01-main/0001-img/07-try/GI1_085127_IC2233-fg-gsax.fits,/home/eisa4/fltops/pipe/01-vsn/21633-GI1_085127_IC2233/g/01-main/0001-img/07-try/GI1_085127_IC2233-ng-gsax.fits
/home/eisa4/fltops/pipe/01-vsn/21636-GI1_085131_NGC5866/g/01-main/0001-img/07-try/GI1_085131_NGC5866-fg-gsax.fits,/home/eisa4/fltops/pipe/01-vsn/21636-GI1_085131_NGC5866/g/01-main/0001-img/07-try/GI1_085131_NGC5866-ng-gsax.fits
/home/eisa4/fltops/pipe/01-vsn/21637-GI1_085132_NGC4111/g/01-main/0001-img/07-try/GI1_085132_NGC4111-ng-gsax.fits,/home/eisa4/fltops/pipe/01-vsn/21637-GI1_085132_NGC4111/g/01-main/0001-img/07-try/GI1_085132_NGC4111-ng-gsax.fits
/home/eisa4/fltops/pipe/01-vsn/21641-GI1_085138_PGC17027/g/01-main/0001-img/07-try/GI1_085138_PGC17027-fg-gsax.fits,/home/eisa4/fltops/pipe/01-vsn/21641-GI1_085138_PGC17027/g/01-main/0001-img/07-try/GI1_085138_PGC17027-ng-gsax.fits
/home/eisa4/fltops/pipe/01-vsn/21642-GI1_085142_NGC3190/g/01-main/0001-img/07-try/GI1_085142_NGC3190-fg-gsax.fits,/home/eisa4/fltops/pipe/01-vsn/21642-GI1_085142_NGC3190/g/01-main/0001-img/07-try/GI1_085142_NGC3190-ng-gsax.fits
/home/svalin2/fltops/pipe/01-vsn/21645-GI1_085149_NGC7741/g/01-main/0001-img/07-try/GI1_085149_NGC7741-fg-gsax.fits,/home/svalin2/fltops/pipe/01-vsn/21645-GI1_085149_NGC7741/g/01-main/0001-img/07-try/GI1_085149_NGC7741-ng-gsax.fits
/home/eisa5/fltops/pipe/01-vsn/21678-GI1_093001_IC1459/g/01-main/0001-img/07-try/GI1_093001_IC1459-fg-gsax.fits,/home/eisa5/fltops/pipe/01-vsn/21678-GI1_093001_IC1459/g/01-main/0001-img/07-try/GI1_093001_IC1459-ng-gsax.fits
/home/svalin3/fltops/pipe/01-vsn/21681-GI1_094001_NGC2682/g/01-main/0001-img/07-try/GI1_094001_NGC2682-fg-gsax.fits,/home/svalin3/fltops/pipe/01-vsn/21681-GI1_094001_NGC2682/g/01-main/0001-img/07-try/GI1_094001_NGC2682-ng-gsax.fits
/home/eisa5/fltops/pipe/01-vsn/21711-GI1_099009_L114/g/01-main/0001-img/07-try/GI1_099009_L114-fg-gsax.fits,/home/eisa5/fltops/pipe/01-vsn/21711-GI1_099009_L114/g/01-main/0001-img/07-try/GI1_099009_L114-ng-gsax.fits
/home/svalin2/fltops/pipe/01-vsn/21715-GI1_099011_NGC1868/g/01-main/0001-img/07-try/GI1_099011_NGC1868-fg-gsax.fits,/home/svalin2/fltops/pipe/01-vsn/21715-GI1_099011_NGC1868/g/01-main/0001-img/07-try/GI1_099011_NGC1868-ng-gsax.fits
/home/svalin2/fltops/pipe/01-vsn/21721-GI1_099014_NGC2249/g/01-main/0001-img/07-try/GI1_099014_NGC2249-fg-gsax.fits,/home/svalin2/fltops/pipe/01-vsn/21721-GI1_099014_NGC2249/g/01-main/0001-img/07-try/GI1_099014_NGC2249-ng-gsax.fits
/home/svalin3/fltops/pipe/01-vsn/21760-GI1_115002_J0716p714/g/01-main/0001-img/07-try/GI1_115002_J0716p714-fg-gsax.fits,/home/svalin3/fltops/pipe/01-vsn/21760-GI1_115002_J0716p714/g/01-main/0001-img/07-try/GI1_115002_J0716p714-ng-gsax.fits
/home/svalin2/fltops/pipe/01-vsn/21762-GI1_115003_J0735p178/g/01-main/0001-img/07-try/GI1_115003_J0735p178-fg-gsax.fits,/home/svalin2/fltops/pipe/01-vsn/21762-GI1_115003_J0735p178/g/01-main/0001-img/07-try/GI1_115003_J0735p178-ng-gsax.fits
/home/eisa4/fltops/pipe/01-vsn/21764-GI1_115004_J0829p046/g/01-main/0001-img/07-try/GI1_115004_J0829p046-fg-gsax.fits,/home/eisa4/fltops/pipe/01-vsn/21764-GI1_115004_J0829p046/g/01-main/0001-img/07-try/GI1_115004_J0829p046-ng-gsax.fits
/home/svalin2/fltops/pipe/01-vsn/21766-GI1_115005_J0912p297/g/01-main/0001-img/07-try/GI1_115005_J0912p297-fg-gsax.fits,/home/svalin2/fltops/pipe/01-vsn/21766-GI1_115005_J0912p297/g/01-main/0001-img/07-try/GI1_115005_J0912p297-ng-gsax.fits
/home/hugi3/fltops/pipe/01-vsn/21768-GI1_115007_J1218p304/g/01-main/0001-img/07-try/GI1_115007_J1218p304-fg-gsax.fits,/home/hugi3/fltops/pipe/01-vsn/21768-GI1_115007_J1218p304/g/01-main/0001-img/07-try/GI1_115007_J1218p304-ng-gsax.fits
/home/svalin2/fltops/pipe/01-vsn/21770-GI1_115008_J1418p543/g/01-main/0001-img/07-try/GI1_115008_J1418p543-fg-gsax.fits,/home/svalin2/fltops/pipe/01-vsn/21770-GI1_115008_J1418p543/g/01-main/0001-img/07-try/GI1_115008_J1418p543-ng-gsax.fits
/home/hugi3/fltops/pipe/01-vsn/21772-GI1_115009_J1553p113/g/01-main/0001-img/07-try/GI1_115009_J1553p113-fg-gsax.fits,/home/hugi3/fltops/pipe/01-vsn/21772-GI1_115009_J1553p113/g/01-main/0001-img/07-try/GI1_115009_J1553p113-ng-gsax.fits
/home/eisa4/fltops/pipe/01-vsn/21901-GI1_104001_COMET_2004Q2/g/01-main/0001-img/07-try/GI1_104001_COMET_2004Q2-fg-gsax.fits,/home/eisa4/fltops/pipe/01-vsn/21901-GI1_104001_COMET_2004Q2/g/01-main/0001-img/07-try/GI1_104001_COMET_2004Q2-ng-gsax.fits
/home/eisa4/fltops/pipe/01-vsn/21903-GI1_044001_SN2005ay/g/01-main/0001-img/07-try/GI1_044001_SN2005ay-ng-gsax.fits,/home/eisa4/fltops/pipe/01-vsn/21903-GI1_044001_SN2005ay/g/01-main/0001-img/07-try/GI1_044001_SN2005ay-ng-gsax.fits
/home/svalin2/fltops/pipe/01-vsn/21905-GI1_024001_DEEP_IMPACT_PRE/g/01-main/0001-img/07-try/GI1_024001_DEEP_IMPACT_PRE-ng-gsax.fits,/home/svalin2/fltops/pipe/01-vsn/21905-GI1_024001_DEEP_IMPACT_PRE/g/01-main/0001-img/07-try/GI1_024001_DEEP_IMPACT_PRE-ng-gsax.fits
/home/svalin2/fltops/pipe/01-vsn/21907-GI1_024002_DEEP_IMPACT/g/01-main/0001-img/07-try/GI1_024002_DEEP_IMPACT-ng-gsax.fits,/home/svalin2/fltops/pipe/01-vsn/21907-GI1_024002_DEEP_IMPACT/g/01-main/0001-img/07-try/GI1_024002_DEEP_IMPACT-ng-gsax.fits
/home/svalin2/fltops/pipe/01-vsn/21909-GI1_024003_DEEP_IMPACT_POST/g/01-main/0001-img/07-try/GI1_024003_DEEP_IMPACT_POST-ng-gsax.fits,/home/svalin2/fltops/pipe/01-vsn/21909-GI1_024003_DEEP_IMPACT_POST/g/01-main/0001-img/07-try/GI1_024003_DEEP_IMPACT_POST-ng-gsax.fits
/home/eisa5/fltops/pipe/01-vsn/22021-GI2_020001_HD199288/g/01-main/0001-img/07-try/GI2_020001_HD199288-fg-gsax.fits,/home/eisa5/fltops/pipe/01-vsn/22021-GI2_020001_HD199288/g/01-main/0001-img/07-try/GI2_020001_HD199288-ng-gsax.fits
/home/hugi2/fltops/pipe/01-vsn/22022-GI2_020002_HD155918/g/01-main/0001-img/07-try/GI2_020002_HD155918-fg-gsax.fits,/home/hugi2/fltops/pipe/01-vsn/22022-GI2_020002_HD155918/g/01-main/0001-img/07-try/GI2_020002_HD155918-ng-gsax.fits
/home/hugi3/fltops/pipe/01-vsn/22024-GI2_020003_HD90508/g/01-main/0001-img/07-try/GI2_020003_HD90508-fg-gsax.fits,/home/hugi3/fltops/pipe/01-vsn/22024-GI2_020003_HD90508/g/01-main/0001-img/07-try/GI2_020003_HD90508-ng-gsax.fits
/home/hugi3/fltops/pipe/01-vsn/22025-GI2_020004_HD65583/g/01-main/0001-img/07-try/GI2_020004_HD65583-fg-gsax.fits,/home/hugi3/fltops/pipe/01-vsn/22025-GI2_020004_HD65583/g/01-main/0001-img/07-try/GI2_020004_HD65583-ng-gsax.fits
/home/eisa2/fltops/pipe/01-vsn/22026-GI2_023001_U_SCO/g/01-main/0001-img/07-try/GI2_023001_U_SCO-ng-gsax.fits,/home/eisa2/fltops/pipe/01-vsn/22026-GI2_023001_U_SCO/g/01-main/0001-img/07-try/GI2_023001_U_SCO-ng-gsax.fits
/home/eisa5/fltops/pipe/01-vsn/22027-GI2_023002_T_CRB/g/01-main/0001-img/07-try/GI2_023002_T_CRB-fg-gsax.fits,/home/eisa5/fltops/pipe/01-vsn/22027-GI2_023002_T_CRB/g/01-main/0001-img/07-try/GI2_023002_T_CRB-ng-gsax.fits
/home/eisa5/fltops/pipe/01-vsn/22028-GI2_023003_RS_OPH/g/01-main/0001-img/07-try/GI2_023003_RS_OPH-fg-gsax.fits,/home/eisa5/fltops/pipe/01-vsn/22028-GI2_023003_RS_OPH/g/01-main/0001-img/07-try/GI2_023003_RS_OPH-ng-gsax.fits
/home/svalin3/fltops/pipe/01-vsn/22029-GI2_023004_T_PYX/g/01-main/0001-img/07-try/GI2_023004_T_PYX-fg-gsax.fits,/home/svalin3/fltops/pipe/01-vsn/22029-GI2_023004_T_PYX/g/01-main/0001-img/07-try/GI2_023004_T_PYX-ng-gsax.fits
/home/eisa5/fltops/pipe/01-vsn/22101-GI2_038001_V723Cas/g/01-main/0001-img/07-try/GI2_038001_V723Cas-fg-gsax.fits,/home/eisa5/fltops/pipe/01-vsn/22101-GI2_038001_V723Cas/g/01-main/0001-img/07-try/GI2_038001_V723Cas-ng-gsax.fits
/home/eisa5/fltops/pipe/01-vsn/22103-GI2_038002_V4743Sgr/g/01-main/0001-img/07-try/GI2_038002_V4743Sgr-fg-gsax.fits,/home/eisa5/fltops/pipe/01-vsn/22103-GI2_038002_V4743Sgr/g/01-main/0001-img/07-try/GI2_038002_V4743Sgr-ng-gsax.fits
/home/svalin3/fltops/pipe/01-vsn/22112-GI2_048001_ABELL0426/g/01-main/0001-img/07-try/GI2_048001_ABELL0426-fg-gsax.fits,/home/svalin3/fltops/pipe/01-vsn/22112-GI2_048001_ABELL0426/g/01-main/0001-img/07-try/GI2_048001_ABELL0426-ng-gsax.fits
/home/hugi3/fltops/pipe/01-vsn/23196-GI3_067001_SN2007aa/g/01-main/0001-img/07-try/GI3_067001_SN2007aa-fg-gsax.fits,/home/hugi3/fltops/pipe/01-vsn/23196-GI3_067001_SN2007aa/g/01-main/0001-img/07-try/GI3_067001_SN2007aa-ng-gsax.fits
/home/hugi3/fltops/pipe/01-vsn/23198-GI3_067003_SN2005ay/g/01-main/0001-img/07-try/GI3_067003_SN2005ay-fg-gsax.fits,/home/hugi3/fltops/pipe/01-vsn/23198-GI3_067003_SN2005ay/g/01-main/0001-img/07-try/GI3_067003_SN2005ay-ng-gsax.fits
/home/eisa5/fltops/pipe/01-vsn/23200-GI3_067002_SN2007gr/g/01-main/0001-img/07-try/GI3_067002_SN2007gr-fg-gsax.fits,/home/eisa5/fltops/pipe/01-vsn/23200-GI3_067002_SN2007gr/g/01-main/0001-img/07-try/GI3_067002_SN2007gr-ng-gsax.fits
/home/vili3/fltops/pipe/01-vsn/23299-GI3_081004_HYADES_POS2/g/01-main/0001-img/07-try/GI3_081004_HYADES_POS2-fg-gsax.fits,/home/vili3/fltops/pipe/01-vsn/23299-GI3_081004_HYADES_POS2/g/01-main/0001-img/07-try/GI3_081004_HYADES_POS2-ng-gsax.fits
/home/vili/fltops/pipe/01-vsn/23420-GI3_093001_COMET_8PTuttleA/g/01-main/0001-img/07-try/GI3_093001_COMET_8PTuttleA-ng-gsax.fits,/home/vili/fltops/pipe/01-vsn/23420-GI3_093001_COMET_8PTuttleA/g/01-main/0001-img/07-try/GI3_093001_COMET_8PTuttleA-ng-gsax.fits
/home/vili/fltops/pipe/01-vsn/23422-GI3_093002_COMET_8PTuttleB/g/01-main/0001-img/07-try/GI3_093002_COMET_8PTuttleB-ng-gsax.fits,/home/vili/fltops/pipe/01-vsn/23422-GI3_093002_COMET_8PTuttleB/g/01-main/0001-img/07-try/GI3_093002_COMET_8PTuttleB-ng-gsax.fits
/home/vili/fltops/pipe/01-vsn/23425-GI3_093003_COMET_8PTuttleC/g/01-main/0001-img/07-try/GI3_093003_COMET_8PTuttleC-ng-gsax.fits,/home/vili/fltops/pipe/01-vsn/23425-GI3_093003_COMET_8PTuttleC/g/01-main/0001-img/07-try/GI3_093003_COMET_8PTuttleC-ng-gsax.fits
/home/vili/fltops/pipe/01-vsn/23426-GI3_093004_COMET_8PTuttleD/g/01-main/0001-img/07-try/GI3_093004_COMET_8PTuttleD-ng-gsax.fits,/home/vili/fltops/pipe/01-vsn/23426-GI3_093004_COMET_8PTuttleD/g/01-main/0001-img/07-try/GI3_093004_COMET_8PTuttleD-ng-gsax.fits
/home/vili3/fltops/pipe/01-vsn/23428-GI3_093005_COMET_8PTuttleE/g/01-main/0001-img/07-try/GI3_093005_COMET_8PTuttleE-fg-gsax.fits,/home/vili3/fltops/pipe/01-vsn/23428-GI3_093005_COMET_8PTuttleE/g/01-main/0001-img/07-try/GI3_093005_COMET_8PTuttleE-ng-gsax.fits
/home/vili3/fltops/pipe/01-vsn/23430-GI3_093006_COMET_8PTuttleF/g/01-main/0001-img/07-try/GI3_093006_COMET_8PTuttleF-fg-gsax.fits,/home/vili3/fltops/pipe/01-vsn/23430-GI3_093006_COMET_8PTuttleF/g/01-main/0001-img/07-try/GI3_093006_COMET_8PTuttleF-ng-gsax.fits
/home/vili/fltops/pipe/01-vsn/23663-GI3_104005_J020329m091020/g/01-main/0001-img/07-try/GI3_104005_J020329m091020-fg-gsax.fits,/home/vili/fltops/pipe/01-vsn/23663-GI3_104005_J020329m091020/g/01-main/0001-img/07-try/GI3_104005_J020329m091020-ng-gsax.fits
/home/vili/fltops/pipe/01-vsn/23670-GI3_107002_M31_MOS0/g/01-main/0001-img/07-try/GI3_107002_M31_MOS0-fg-gsax.fits,/home/vili/fltops/pipe/01-vsn/23670-GI3_107002_M31_MOS0/g/01-main/0001-img/07-try/GI3_107002_M31_MOS0-ng-gsax.fits
/home/hugi4/fltops/pipe/01-vsn/24120-GI4_065001_HYADES_POS3/g/01-main/0001-img/07-try/GI4_065001_HYADES_POS3-fg-gsax.fits,/home/hugi4/fltops/pipe/01-vsn/24120-GI4_065001_HYADES_POS3/g/01-main/0001-img/07-try/GI4_065001_HYADES_POS3-ng-gsax.fits
/home/hugi4/fltops/pipe/01-vsn/24123-GI4_065002_HYADES_POS4/g/01-main/0001-img/07-try/GI4_065002_HYADES_POS4-fg-gsax.fits,/home/hugi4/fltops/pipe/01-vsn/24123-GI4_065002_HYADES_POS4/g/01-main/0001-img/07-try/GI4_065002_HYADES_POS4-ng-gsax.fits
/home/hugi4/fltops/pipe/01-vsn/24125-GI4_065003_HYADES_POS5/g/01-main/0001-img/07-try/GI4_065003_HYADES_POS5-fg-gsax.fits,/home/hugi4/fltops/pipe/01-vsn/24125-GI4_065003_HYADES_POS5/g/01-main/0001-img/07-try/GI4_065003_HYADES_POS5-ng-gsax.fits
/home/svalin2/fltops/pipe/01-vsn/24126-GI4_071001_J232539p00450/g/01-main/0001-img/07-try/GI4_071001_J232539p00450-fg-gsax.fits,/home/svalin2/fltops/pipe/01-vsn/24126-GI4_071001_J232539p00450/g/01-main/0001-img/07-try/GI4_071001_J232539p00450-ng-gsax.fits
/home/svalin2/fltops/pipe/01-vsn/24127-GI4_071002_J001010m00460/g/01-main/0001-img/07-try/GI4_071002_J001010m00460-fg-gsax.fits,/home/svalin2/fltops/pipe/01-vsn/24127-GI4_071002_J001010m00460/g/01-main/0001-img/07-try/GI4_071002_J001010m00460-ng-gsax.fits
/home/lin/fltops/pipe/01-vsn/24128-GI4_071003_J021348p12595/g/01-main/0001-img/07-try/GI4_071003_J021348p12595-ng-gsax.fits,/home/lin/fltops/pipe/01-vsn/24128-GI4_071003_J021348p12595/g/01-main/0001-img/07-try/GI4_071003_J021348p12595-ng-gsax.fits
/home/lin/fltops/pipe/01-vsn/24129-GI4_071004_J035734m05371/g/01-main/0001-img/07-try/GI4_071004_J035734m05371-ng-gsax.fits,/home/lin/fltops/pipe/01-vsn/24129-GI4_071004_J035734m05371/g/01-main/0001-img/07-try/GI4_071004_J035734m05371-ng-gsax.fits
/home/eisa2/fltops/pipe/01-vsn/24130-GI4_071005_J101211p63250/g/01-main/0001-img/07-try/GI4_071005_J101211p63250-fg-gsax.fits,/home/eisa2/fltops/pipe/01-vsn/24130-GI4_071005_J101211p63250/g/01-main/0001-img/07-try/GI4_071005_J101211p63250-ng-gsax.fits
/home/eisa2/fltops/pipe/01-vsn/24131-GI4_071006_J113304p65134/g/01-main/0001-img/07-try/GI4_071006_J113304p65134-fg-gsax.fits,/home/eisa2/fltops/pipe/01-vsn/24131-GI4_071006_J113304p65134/g/01-main/0001-img/07-try/GI4_071006_J113304p65134-ng-gsax.fits
/home/eisa2/fltops/pipe/01-vsn/24132-GI4_071007_J135356p66480/g/01-main/0001-img/07-try/GI4_071007_J135356p66480-fg-gsax.fits,/home/eisa2/fltops/pipe/01-vsn/24132-GI4_071007_J135356p66480/g/01-main/0001-img/07-try/GI4_071007_J135356p66480-ng-gsax.fits
/home/svalin2/fltops/pipe/01-vsn/24133-GI4_071008_J214500p01115/g/01-main/0001-img/07-try/GI4_071008_J214500p01115-fg-gsax.fits,/home/svalin2/fltops/pipe/01-vsn/24133-GI4_071008_J214500p01115/g/01-main/0001-img/07-try/GI4_071008_J214500p01115-ng-gsax.fits
/home/svalin2/fltops/pipe/01-vsn/24134-GI4_071009_J231813m00412/g/01-main/0001-img/07-try/GI4_071009_J231813m00412-fg-gsax.fits,/home/svalin2/fltops/pipe/01-vsn/24134-GI4_071009_J231813m00412/g/01-main/0001-img/07-try/GI4_071009_J231813m00412-ng-gsax.fits
/home/svalin/fltops/pipe/01-vsn/24135-GI4_071010_J0010545p00145/g/01-main/0001-img/07-try/GI4_071010_J0010545p00145-fg-gsax.fits,/home/svalin/fltops/pipe/01-vsn/24135-GI4_071010_J0010545p00145/g/01-main/0001-img/07-try/GI4_071010_J0010545p00145-ng-gsax.fits
/home/eisa2/fltops/pipe/01-vsn/24136-GI4_071011_J092336p54483/g/01-main/0001-img/07-try/GI4_071011_J092336p54483-ng-gsax.fits,/home/eisa2/fltops/pipe/01-vsn/24136-GI4_071011_J092336p54483/g/01-main/0001-img/07-try/GI4_071011_J092336p54483-ng-gsax.fits
/home/lin/fltops/pipe/01-vsn/24137-GI4_071012_J020357m08075/g/01-main/0001-img/07-try/GI4_071012_J020357m08075-ng-gsax.fits,/home/lin/fltops/pipe/01-vsn/24137-GI4_071012_J020357m08075/g/01-main/0001-img/07-try/GI4_071012_J020357m08075-ng-gsax.fits
/home/vili4/fltops/pipe/01-vsn/24324-GI4_085003_NGC4697/g/01-main/0001-img/07-try/GI4_085003_NGC4697-fg-gsax.fits,/home/vili4/fltops/pipe/01-vsn/24324-GI4_085003_NGC4697/g/01-main/0001-img/07-try/GI4_085003_NGC4697-ng-gsax.fits
/home/eisa2/fltops/pipe/01-vsn/24500-GI4_020001_SN2007aa/g/01-main/0001-img/07-try/GI4_020001_SN2007aa-fg-gsax.fits,/home/eisa2/fltops/pipe/01-vsn/24500-GI4_020001_SN2007aa/g/01-main/0001-img/07-try/GI4_020001_SN2007aa-ng-gsax.fits
/home/vili3/fltops/pipe/01-vsn/24501-GI4_020002_SN2008aw/g/01-main/0001-img/07-try/GI4_020002_SN2008aw-fg-gsax.fits,/home/vili3/fltops/pipe/01-vsn/24501-GI4_020002_SN2008aw/g/01-main/0001-img/07-try/GI4_020002_SN2008aw-ng-gsax.fits
/home/svalin/fltops/pipe/01-vsn/24505-GI4_020004_SN2007gr/g/01-main/0001-img/07-try/GI4_020004_SN2007gr-fg-gsax.fits,/home/svalin/fltops/pipe/01-vsn/24505-GI4_020004_SN2007gr/g/01-main/0001-img/07-try/GI4_020004_SN2007gr-ng-gsax.fits
/home/eisa2/fltops/pipe/01-vsn/25040-GI5_014001_SN2008aw/g/01-main/0001-img/07-try/GI5_014001_SN2008aw-fg-gsax.fits,/home/eisa2/fltops/pipe/01-vsn/25040-GI5_014001_SN2008aw/g/01-main/0001-img/07-try/GI5_014001_SN2008aw-ng-gsax.fits
/home/eisa2/fltops/pipe/01-vsn/25041-GI5_014002_SN2009at/g/01-main/0001-img/07-try/GI5_014002_SN2009at-fg-gsax.fits,/home/eisa2/fltops/pipe/01-vsn/25041-GI5_014002_SN2009at/g/01-main/0001-img/07-try/GI5_014002_SN2009at-ng-gsax.fits
/home/eisa2/fltops/pipe/01-vsn/25043-GI5_014003_SN2009dd/g/01-main/0001-img/07-try/GI5_014003_SN2009dd-fg-gsax.fits,/home/eisa2/fltops/pipe/01-vsn/25043-GI5_014003_SN2009dd/g/01-main/0001-img/07-try/GI5_014003_SN2009dd-ng-gsax.fits
/home/lin/fltops/pipe/01-vsn/25045-GI5_014004_SN2009jf/g/01-main/0001-img/07-try/GI5_014004_SN2009jf-ng-gsax.fits,/home/lin/fltops/pipe/01-vsn/25045-GI5_014004_SN2009jf/g/01-main/0001-img/07-try/GI5_014004_SN2009jf-ng-gsax.fits
/home/lin/fltops/pipe/01-vsn/25048-GI5_014005_SN2009mi/g/01-main/0001-img/07-try/GI5_014005_SN2009mi-ng-gsax.fits,/home/lin/fltops/pipe/01-vsn/25048-GI5_014005_SN2009mi/g/01-main/0001-img/07-try/GI5_014005_SN2009mi-ng-gsax.fits
/home/eisa2/fltops/pipe/01-vsn/25063-GI5_021015_RR_Aql_offaxis/g/01-main/0001-img/07-try/GI5_021015_RR_Aql_offaxis-ng-gsax.fits,/home/eisa2/fltops/pipe/01-vsn/25063-GI5_021015_RR_Aql_offaxis/g/01-main/0001-img/07-try/GI5_021015_RR_Aql_offaxis-ng-gsax.fits
/home/eisa2/fltops/pipe/01-vsn/25072-GI5_026001_HD109962/g/01-main/0001-img/07-try/GI5_026001_HD109962-fg-gsax.fits,/home/eisa2/fltops/pipe/01-vsn/25072-GI5_026001_HD109962/g/01-main/0001-img/07-try/GI5_026001_HD109962-ng-gsax.fits
/home/eisa2/fltops/pipe/01-vsn/25076-GI5_034001_NGC1387a/g/01-main/0001-img/07-try/GI5_034001_NGC1387a-ng-gsax.fits,/home/eisa2/fltops/pipe/01-vsn/25076-GI5_034001_NGC1387a/g/01-main/0001-img/07-try/GI5_034001_NGC1387a-ng-gsax.fits
/home/lin/fltops/pipe/01-vsn/25105-GI5_041001_HDF_South/g/01-main/0001-img/07-try/GI5_041001_HDF_South-ng-gsax.fits,/home/lin/fltops/pipe/01-vsn/25105-GI5_041001_HDF_South/g/01-main/0001-img/07-try/GI5_041001_HDF_South-ng-gsax.fits
/home/hugi4/fltops/pipe/01-vsn/25110-GI5_054001_TZ_Hor/g/01-main/0001-img/07-try/GI5_054001_TZ_Hor-ng-gsax.fits,/home/hugi4/fltops/pipe/01-vsn/25110-GI5_054001_TZ_Hor/g/01-main/0001-img/07-try/GI5_054001_TZ_Hor-ng-gsax.fits
/home/eisa2/fltops/pipe/01-vsn/25112-GI5_054002_RW_Boo/g/01-main/0001-img/07-try/GI5_054002_RW_Boo-ng-gsax.fits,/home/eisa2/fltops/pipe/01-vsn/25112-GI5_054002_RW_Boo/g/01-main/0001-img/07-try/GI5_054002_RW_Boo-ng-gsax.fits
/home/eisa2/fltops/pipe/01-vsn/25113-GI5_054003_FH_Vir/g/01-main/0001-img/07-try/GI5_054003_FH_Vir-ng-gsax.fits,/home/eisa2/fltops/pipe/01-vsn/25113-GI5_054003_FH_Vir/g/01-main/0001-img/07-try/GI5_054003_FH_Vir-ng-gsax.fits
/home/hugi4/fltops/pipe/01-vsn/25115-GI5_054004_W_Peg/g/01-main/0001-img/07-try/GI5_054004_W_Peg-ng-gsax.fits,/home/hugi4/fltops/pipe/01-vsn/25115-GI5_054004_W_Peg/g/01-main/0001-img/07-try/GI5_054004_W_Peg-ng-gsax.fits
/home/hugi4/fltops/pipe/01-vsn/25116-GI5_054005_TW_Hor/g/01-main/0001-img/07-try/GI5_054005_TW_Hor-ng-gsax.fits,/home/hugi4/fltops/pipe/01-vsn/25116-GI5_054005_TW_Hor/g/01-main/0001-img/07-try/GI5_054005_TW_Hor-ng-gsax.fits
/home/lin/fltops/pipe/01-vsn/25117-GI5_054006_VY_UMa/g/01-main/0001-img/07-try/GI5_054006_VY_UMa-ng-gsax.fits,/home/lin/fltops/pipe/01-vsn/25117-GI5_054006_VY_UMa/g/01-main/0001-img/07-try/GI5_054006_VY_UMa-ng-gsax.fits
/home/eisa2/fltops/pipe/01-vsn/25118-GI5_054007_V_Hya/g/01-main/0001-img/07-try/GI5_054007_V_Hya-ng-gsax.fits,/home/eisa2/fltops/pipe/01-vsn/25118-GI5_054007_V_Hya/g/01-main/0001-img/07-try/GI5_054007_V_Hya-ng-gsax.fits
/home/hugi2/fltops/pipe/01-vsn/25119-GI5_054008_EP_Aqr/g/01-main/0001-img/07-try/GI5_054008_EP_Aqr-ng-gsax.fits,/home/hugi2/fltops/pipe/01-vsn/25119-GI5_054008_EP_Aqr/g/01-main/0001-img/07-try/GI5_054008_EP_Aqr-ng-gsax.fits
/home/eisa2/fltops/pipe/01-vsn/25120-GI5_054009_EY_Hya/g/01-main/0001-img/07-try/GI5_054009_EY_Hya-fg-gsax.fits,/home/eisa2/fltops/pipe/01-vsn/25120-GI5_054009_EY_Hya/g/01-main/0001-img/07-try/GI5_054009_EY_Hya-ng-gsax.fits
/home/lin/fltops/pipe/01-vsn/25121-GI5_054010_AA_Cam/g/01-main/0001-img/07-try/GI5_054010_AA_Cam-ng-gsax.fits,/home/lin/fltops/pipe/01-vsn/25121-GI5_054010_AA_Cam/g/01-main/0001-img/07-try/GI5_054010_AA_Cam-ng-gsax.fits
/home/lin/fltops/pipe/01-vsn/25122-GI5_054011_V_Eri/g/01-main/0001-img/07-try/GI5_054011_V_Eri-ng-gsax.fits,/home/lin/fltops/pipe/01-vsn/25122-GI5_054011_V_Eri/g/01-main/0001-img/07-try/GI5_054011_V_Eri-ng-gsax.fits
/home/lin/fltops/pipe/01-vsn/25123-GI5_054012_R_UMa/g/01-main/0001-img/07-try/GI5_054012_R_UMa-ng-gsax.fits,/home/lin/fltops/pipe/01-vsn/25123-GI5_054012_R_UMa/g/01-main/0001-img/07-try/GI5_054012_R_UMa-ng-gsax.fits
/home/eisa2/fltops/pipe/01-vsn/25155-GI5_059001_CCLQGN/g/01-main/0001-img/07-try/GI5_059001_CCLQGN-ng-gsax.fits,/home/eisa2/fltops/pipe/01-vsn/25155-GI5_059001_CCLQGN/g/01-main/0001-img/07-try/GI5_059001_CCLQGN-ng-gsax.fits
/home/eisa2/fltops/pipe/01-vsn/25156-GI5_059002_CCLQGS/g/01-main/0001-img/07-try/GI5_059002_CCLQGS-ng-gsax.fits,/home/eisa2/fltops/pipe/01-vsn/25156-GI5_059002_CCLQGS/g/01-main/0001-img/07-try/GI5_059002_CCLQGS-ng-gsax.fits
/home/lin/fltops/pipe/01-vsn/25180-GI5_064001_S32/g/01-main/0001-img/07-try/GI5_064001_S32-ng-gsax.fits,/home/lin/fltops/pipe/01-vsn/25180-GI5_064001_S32/g/01-main/0001-img/07-try/GI5_064001_S32-ng-gsax.fits
/home/eisa2/fltops/pipe/01-vsn/25184-GI5_064003_RW_Hya/g/01-main/0001-img/07-try/GI5_064003_RW_Hya-fg-gsax.fits,/home/eisa2/fltops/pipe/01-vsn/25184-GI5_064003_RW_Hya/g/01-main/0001-img/07-try/GI5_064003_RW_Hya-ng-gsax.fits
/home/eisa2/fltops/pipe/01-vsn/25186-GI5_064004_BDm213873/g/01-main/0001-img/07-try/GI5_064004_BDm213873-fg-gsax.fits,/home/eisa2/fltops/pipe/01-vsn/25186-GI5_064004_BDm213873/g/01-main/0001-img/07-try/GI5_064004_BDm213873-ng-gsax.fits
/home/eisa2/fltops/pipe/01-vsn/25192-GI5_064007_AR_Pav/g/01-main/0001-img/07-try/GI5_064007_AR_Pav-ng-gsax.fits,/home/eisa2/fltops/pipe/01-vsn/25192-GI5_064007_AR_Pav/g/01-main/0001-img/07-try/GI5_064007_AR_Pav-ng-gsax.fits
/home/hugi2/fltops/pipe/01-vsn/25194-GI5_064008_V443_Her/g/01-main/0001-img/07-try/GI5_064008_V443_Her-ng-gsax.fits,/home/hugi2/fltops/pipe/01-vsn/25194-GI5_064008_V443_Her/g/01-main/0001-img/07-try/GI5_064008_V443_Her-ng-gsax.fits
/home/eisa2/fltops/pipe/01-vsn/25196-GI5_064009_AS327/g/01-main/0001-img/07-try/GI5_064009_AS327-ng-gsax.fits,/home/eisa2/fltops/pipe/01-vsn/25196-GI5_064009_AS327/g/01-main/0001-img/07-try/GI5_064009_AS327-ng-gsax.fits
/home/eisa2/fltops/pipe/01-vsn/25198-GI5_064010_STHA164/g/01-main/0001-img/07-try/GI5_064010_STHA164-ng-gsax.fits,/home/eisa2/fltops/pipe/01-vsn/25198-GI5_064010_STHA164/g/01-main/0001-img/07-try/GI5_064010_STHA164-ng-gsax.fits
/home/eisa2/fltops/pipe/01-vsn/25200-GI5_064011_HEN3m1761/g/01-main/0001-img/07-try/GI5_064011_HEN3m1761-ng-gsax.fits,/home/eisa2/fltops/pipe/01-vsn/25200-GI5_064011_HEN3m1761/g/01-main/0001-img/07-try/GI5_064011_HEN3m1761-ng-gsax.fits
/home/eisa2/fltops/pipe/01-vsn/25202-GI5_064012_RR_Tel/g/01-main/0001-img/07-try/GI5_064012_RR_Tel-ng-gsax.fits,/home/eisa2/fltops/pipe/01-vsn/25202-GI5_064012_RR_Tel/g/01-main/0001-img/07-try/GI5_064012_RR_Tel-ng-gsax.fits
/home/eisa2/fltops/pipe/01-vsn/25205-GI5_064013_LT_Del/g/01-main/0001-img/07-try/GI5_064013_LT_Del-ng-gsax.fits,/home/eisa2/fltops/pipe/01-vsn/25205-GI5_064013_LT_Del/g/01-main/0001-img/07-try/GI5_064013_LT_Del-ng-gsax.fits
/home/eisa2/fltops/pipe/01-vsn/25206-GI5_064014_STHA180/g/01-main/0001-img/07-try/GI5_064014_STHA180-ng-gsax.fits,/home/eisa2/fltops/pipe/01-vsn/25206-GI5_064014_STHA180/g/01-main/0001-img/07-try/GI5_064014_STHA180-ng-gsax.fits
/home/eisa2/fltops/pipe/01-vsn/25208-GI5_064015_ER_Del/g/01-main/0001-img/07-try/GI5_064015_ER_Del-ng-gsax.fits,/home/eisa2/fltops/pipe/01-vsn/25208-GI5_064015_ER_Del/g/01-main/0001-img/07-try/GI5_064015_ER_Del-ng-gsax.fits
/home/eisa2/fltops/pipe/01-vsn/25210-GI5_064016_CDm4314304/g/01-main/0001-img/07-try/GI5_064016_CDm4314304-ng-gsax.fits,/home/eisa2/fltops/pipe/01-vsn/25210-GI5_064016_CDm4314304/g/01-main/0001-img/07-try/GI5_064016_CDm4314304-ng-gsax.fits
/home/lin/fltops/pipe/01-vsn/25213-GI5_064017_STHA190/g/01-main/0001-img/07-try/GI5_064017_STHA190-ng-gsax.fits,/home/lin/fltops/pipe/01-vsn/25213-GI5_064017_STHA190/g/01-main/0001-img/07-try/GI5_064017_STHA190-ng-gsax.fits
/home/lin/fltops/pipe/01-vsn/25214-GI5_064018_Z_And/g/01-main/0001-img/07-try/GI5_064018_Z_And-ng-gsax.fits,/home/lin/fltops/pipe/01-vsn/25214-GI5_064018_Z_And/g/01-main/0001-img/07-try/GI5_064018_Z_And-ng-gsax.fits
/home/lin/fltops/pipe/01-vsn/25216-GI5_064019_R_Aqr/g/01-main/0001-img/07-try/GI5_064019_R_Aqr-ng-gsax.fits,/home/lin/fltops/pipe/01-vsn/25216-GI5_064019_R_Aqr/g/01-main/0001-img/07-try/GI5_064019_R_Aqr-ng-gsax.fits
/home/eisa2/fltops/pipe/01-vsn/25218-GI5_064020_ZZ_CMi/g/01-main/0001-img/07-try/GI5_064020_ZZ_CMi-fg-gsax.fits,/home/eisa2/fltops/pipe/01-vsn/25218-GI5_064020_ZZ_CMi/g/01-main/0001-img/07-try/GI5_064020_ZZ_CMi-ng-gsax.fits
/home/eisa2/fltops/pipe/01-vsn/25220-GI5_064021_NQ_Gem/g/01-main/0001-img/07-try/GI5_064021_NQ_Gem-fg-gsax.fits,/home/eisa2/fltops/pipe/01-vsn/25220-GI5_064021_NQ_Gem/g/01-main/0001-img/07-try/GI5_064021_NQ_Gem-ng-gsax.fits
/home/eisa2/fltops/pipe/01-vsn/25226-GI5_064024_V748_Cen/g/01-main/0001-img/07-try/GI5_064024_V748_Cen-fg-gsax.fits,/home/eisa2/fltops/pipe/01-vsn/25226-GI5_064024_V748_Cen/g/01-main/0001-img/07-try/GI5_064024_V748_Cen-ng-gsax.fits
/home/eisa2/fltops/pipe/01-vsn/25229-GI5_064025_V503_Her/g/01-main/0001-img/07-try/GI5_064025_V503_Her-fg-gsax.fits,/home/eisa2/fltops/pipe/01-vsn/25229-GI5_064025_V503_Her/g/01-main/0001-img/07-try/GI5_064025_V503_Her-ng-gsax.fits
/home/eisa2/fltops/pipe/01-vsn/25230-GI5_064026_DT_Ser/g/01-main/0001-img/07-try/GI5_064026_DT_Ser-ng-gsax.fits,/home/eisa2/fltops/pipe/01-vsn/25230-GI5_064026_DT_Ser/g/01-main/0001-img/07-try/GI5_064026_DT_Ser-ng-gsax.fits
/home/eisa2/fltops/pipe/01-vsn/25234-GI5_064028_GH_Gem/g/01-main/0001-img/07-try/GI5_064028_GH_Gem-fg-gsax.fits,/home/eisa2/fltops/pipe/01-vsn/25234-GI5_064028_GH_Gem/g/01-main/0001-img/07-try/GI5_064028_GH_Gem-ng-gsax.fits
/home/lin/fltops/pipe/01-vsn/25401-GI5_070001_SDSSJ011406d05p1407/g/01-main/0001-img/07-try/GI5_070001_SDSSJ011406d05p1407-ng-gsax.fits,/home/lin/fltops/pipe/01-vsn/25401-GI5_070001_SDSSJ011406d05p1407/g/01-main/0001-img/07-try/GI5_070001_SDSSJ011406d05p1407-ng-gsax.fits
/home/lin/fltops/pipe/01-vsn/25402-GI5_070002_SDSSJ012528d84m0005/g/01-main/0001-img/07-try/GI5_070002_SDSSJ012528d84m0005-ng-gsax.fits,/home/lin/fltops/pipe/01-vsn/25402-GI5_070002_SDSSJ012528d84m0005/g/01-main/0001-img/07-try/GI5_070002_SDSSJ012528d84m0005-ng-gsax.fits
/home/lin/fltops/pipe/01-vsn/25404-GI5_070004_SDSSJ074358d27p3235/g/01-main/0001-img/07-try/GI5_070004_SDSSJ074358d27p3235-ng-gsax.fits,/home/lin/fltops/pipe/01-vsn/25404-GI5_070004_SDSSJ074358d27p3235/g/01-main/0001-img/07-try/GI5_070004_SDSSJ074358d27p3235-ng-gsax.fits
/home/lin/fltops/pipe/01-vsn/25405-GI5_070005_SDSSJ074451d37p2920/g/01-main/0001-img/07-try/GI5_070005_SDSSJ074451d37p2920-ng-gsax.fits,/home/lin/fltops/pipe/01-vsn/25405-GI5_070005_SDSSJ074451d37p2920/g/01-main/0001-img/07-try/GI5_070005_SDSSJ074451d37p2920-ng-gsax.fits
/home/lin/fltops/pipe/01-vsn/25409-GI5_070009_SDSSJ075222d91p2738/g/01-main/0001-img/07-try/GI5_070009_SDSSJ075222d91p2738-ng-gsax.fits,/home/lin/fltops/pipe/01-vsn/25409-GI5_070009_SDSSJ075222d91p2738/g/01-main/0001-img/07-try/GI5_070009_SDSSJ075222d91p2738-ng-gsax.fits
/home/lin/fltops/pipe/01-vsn/25420-GI5_070020_SDSSJ085723d99p0903/g/01-main/0001-img/07-try/GI5_070020_SDSSJ085723d99p0903-ng-gsax.fits,/home/lin/fltops/pipe/01-vsn/25420-GI5_070020_SDSSJ085723d99p0903/g/01-main/0001-img/07-try/GI5_070020_SDSSJ085723d99p0903-ng-gsax.fits
/home/eisa2/fltops/pipe/01-vsn/25449-GI5_070049_SDSSJ104513d81m0102/g/01-main/0001-img/07-try/GI5_070049_SDSSJ104513d81m0102-ng-gsax.fits,/home/eisa2/fltops/pipe/01-vsn/25449-GI5_070049_SDSSJ104513d81m0102/g/01-main/0001-img/07-try/GI5_070049_SDSSJ104513d81m0102-ng-gsax.fits
/home/eisa2/fltops/pipe/01-vsn/25489-GI5_070089_SDSSJ132320d55p2910/g/01-main/0001-img/07-try/GI5_070089_SDSSJ132320d55p2910-ng-gsax.fits,/home/eisa2/fltops/pipe/01-vsn/25489-GI5_070089_SDSSJ132320d55p2910/g/01-main/0001-img/07-try/GI5_070089_SDSSJ132320d55p2910-ng-gsax.fits
/home/eisa2/fltops/pipe/01-vsn/25491-GI5_070091_SDSSJ132652d44p2925/g/01-main/0001-img/07-try/GI5_070091_SDSSJ132652d44p2925-ng-gsax.fits,/home/eisa2/fltops/pipe/01-vsn/25491-GI5_070091_SDSSJ132652d44p2925/g/01-main/0001-img/07-try/GI5_070091_SDSSJ132652d44p2925-ng-gsax.fits
/home/eisa2/fltops/pipe/01-vsn/25501-GI5_070101_SDSSJ140023d09p4338/g/01-main/0001-img/07-try/GI5_070101_SDSSJ140023d09p4338-ng-gsax.fits,/home/eisa2/fltops/pipe/01-vsn/25501-GI5_070101_SDSSJ140023d09p4338/g/01-main/0001-img/07-try/GI5_070101_SDSSJ140023d09p4338-ng-gsax.fits
/home/eisa2/fltops/pipe/01-vsn/25503-GI5_070103_SDSSJ141359d55p4851/g/01-main/0001-img/07-try/GI5_070103_SDSSJ141359d55p4851-ng-gsax.fits,/home/eisa2/fltops/pipe/01-vsn/25503-GI5_070103_SDSSJ141359d55p4851/g/01-main/0001-img/07-try/GI5_070103_SDSSJ141359d55p4851-ng-gsax.fits
/home/eisa2/fltops/pipe/01-vsn/25504-GI5_070104_SDSSJ141549d70p0053/g/01-main/0001-img/07-try/GI5_070104_SDSSJ141549d70p0053-fg-gsax.fits,/home/eisa2/fltops/pipe/01-vsn/25504-GI5_070104_SDSSJ141549d70p0053/g/01-main/0001-img/07-try/GI5_070104_SDSSJ141549d70p0053-ng-gsax.fits
/home/eisa2/fltops/pipe/01-vsn/25505-GI5_070105_SDSSJ142242d49p0414/g/01-main/0001-img/07-try/GI5_070105_SDSSJ142242d49p0414-fg-gsax.fits,/home/eisa2/fltops/pipe/01-vsn/25505-GI5_070105_SDSSJ142242d49p0414/g/01-main/0001-img/07-try/GI5_070105_SDSSJ142242d49p0414-ng-gsax.fits
/home/eisa2/fltops/pipe/01-vsn/25506-GI5_070106_SDSSJ142501d46p3821/g/01-main/0001-img/07-try/GI5_070106_SDSSJ142501d46p3821-ng-gsax.fits,/home/eisa2/fltops/pipe/01-vsn/25506-GI5_070106_SDSSJ142501d46p3821/g/01-main/0001-img/07-try/GI5_070106_SDSSJ142501d46p3821-ng-gsax.fits
/home/eisa2/fltops/pipe/01-vsn/25507-GI5_070107_SDSSJ142817d30p5027/g/01-main/0001-img/07-try/GI5_070107_SDSSJ142817d30p5027-ng-gsax.fits,/home/eisa2/fltops/pipe/01-vsn/25507-GI5_070107_SDSSJ142817d30p5027/g/01-main/0001-img/07-try/GI5_070107_SDSSJ142817d30p5027-ng-gsax.fits
/home/eisa2/fltops/pipe/01-vsn/25508-GI5_070108_SDSSJ144313d32p0949/g/01-main/0001-img/07-try/GI5_070108_SDSSJ144313d32p0949-ng-gsax.fits,/home/eisa2/fltops/pipe/01-vsn/25508-GI5_070108_SDSSJ144313d32p0949/g/01-main/0001-img/07-try/GI5_070108_SDSSJ144313d32p0949-ng-gsax.fits
/home/eisa2/fltops/pipe/01-vsn/25509-GI5_070109_SDSSJ150031d80p4836/g/01-main/0001-img/07-try/GI5_070109_SDSSJ150031d80p4836-ng-gsax.fits,/home/eisa2/fltops/pipe/01-vsn/25509-GI5_070109_SDSSJ150031d80p4836/g/01-main/0001-img/07-try/GI5_070109_SDSSJ150031d80p4836-ng-gsax.fits
/home/eisa2/fltops/pipe/01-vsn/25510-GI5_070110_SDSSJ150210d96p3422/g/01-main/0001-img/07-try/GI5_070110_SDSSJ150210d96p3422-ng-gsax.fits,/home/eisa2/fltops/pipe/01-vsn/25510-GI5_070110_SDSSJ150210d96p3422/g/01-main/0001-img/07-try/GI5_070110_SDSSJ150210d96p3422-ng-gsax.fits
/home/eisa2/fltops/pipe/01-vsn/25511-GI5_070111_SDSSJ151151d11p5225/g/01-main/0001-img/07-try/GI5_070111_SDSSJ151151d11p5225-ng-gsax.fits,/home/eisa2/fltops/pipe/01-vsn/25511-GI5_070111_SDSSJ151151d11p5225/g/01-main/0001-img/07-try/GI5_070111_SDSSJ151151d11p5225-ng-gsax.fits
/home/eisa2/fltops/pipe/01-vsn/25512-GI5_070112_SDSSJ155251d38p3149/g/01-main/0001-img/07-try/GI5_070112_SDSSJ155251d38p3149-ng-gsax.fits,/home/eisa2/fltops/pipe/01-vsn/25512-GI5_070112_SDSSJ155251d38p3149/g/01-main/0001-img/07-try/GI5_070112_SDSSJ155251d38p3149-ng-gsax.fits
/home/eisa2/fltops/pipe/01-vsn/25514-GI5_070114_SDSSJ160500d55p3539/g/01-main/0001-img/07-try/GI5_070114_SDSSJ160500d55p3539-ng-gsax.fits,/home/eisa2/fltops/pipe/01-vsn/25514-GI5_070114_SDSSJ160500d55p3539/g/01-main/0001-img/07-try/GI5_070114_SDSSJ160500d55p3539-ng-gsax.fits
/home/eisa2/fltops/pipe/01-vsn/25516-GI5_070116_SDSSJ160855d43p4352/g/01-main/0001-img/07-try/GI5_070116_SDSSJ160855d43p4352-ng-gsax.fits,/home/eisa2/fltops/pipe/01-vsn/25516-GI5_070116_SDSSJ160855d43p4352/g/01-main/0001-img/07-try/GI5_070116_SDSSJ160855d43p4352-ng-gsax.fits
/home/eisa2/fltops/pipe/01-vsn/25517-GI5_070117_SDSSJ160926d48p4919/g/01-main/0001-img/07-try/GI5_070117_SDSSJ160926d48p4919-ng-gsax.fits,/home/eisa2/fltops/pipe/01-vsn/25517-GI5_070117_SDSSJ160926d48p4919/g/01-main/0001-img/07-try/GI5_070117_SDSSJ160926d48p4919-ng-gsax.fits
/home/eisa2/fltops/pipe/01-vsn/25518-GI5_070118_SDSSJ161817d60p3309/g/01-main/0001-img/07-try/GI5_070118_SDSSJ161817d60p3309-ng-gsax.fits,/home/eisa2/fltops/pipe/01-vsn/25518-GI5_070118_SDSSJ161817d60p3309/g/01-main/0001-img/07-try/GI5_070118_SDSSJ161817d60p3309-ng-gsax.fits
/home/eisa2/fltops/pipe/01-vsn/25519-GI5_070119_SDSSJ161946d86p3813/g/01-main/0001-img/07-try/GI5_070119_SDSSJ161946d86p3813-ng-gsax.fits,/home/eisa2/fltops/pipe/01-vsn/25519-GI5_070119_SDSSJ161946d86p3813/g/01-main/0001-img/07-try/GI5_070119_SDSSJ161946d86p3813-ng-gsax.fits
/home/eisa2/fltops/pipe/01-vsn/25521-GI5_070121_SDSSJ163302d10p3924/g/01-main/0001-img/07-try/GI5_070121_SDSSJ163302d10p3924-ng-gsax.fits,/home/eisa2/fltops/pipe/01-vsn/25521-GI5_070121_SDSSJ163302d10p3924/g/01-main/0001-img/07-try/GI5_070121_SDSSJ163302d10p3924-ng-gsax.fits
/home/eisa2/fltops/pipe/01-vsn/25523-GI5_070123_SDSSJ163642d91p3327/g/01-main/0001-img/07-try/GI5_070123_SDSSJ163642d91p3327-fg-gsax.fits,/home/eisa2/fltops/pipe/01-vsn/25523-GI5_070123_SDSSJ163642d91p3327/g/01-main/0001-img/07-try/GI5_070123_SDSSJ163642d91p3327-ng-gsax.fits
/home/lin/fltops/pipe/01-vsn/25530-GI5_070130_SDSSJ235321d81m0115/g/01-main/0001-img/07-try/GI5_070130_SDSSJ235321d81m0115-ng-gsax.fits,/home/lin/fltops/pipe/01-vsn/25530-GI5_070130_SDSSJ235321d81m0115/g/01-main/0001-img/07-try/GI5_070130_SDSSJ235321d81m0115-ng-gsax.fits
/home/eisa2/fltops/pipe/01-vsn/25800-GI5_100001_COMET07N3_Lulin_A/g/01-main/0001-img/07-try/GI5_100001_COMET07N3_Lulin_A-fg-gsax.fits,/home/eisa2/fltops/pipe/01-vsn/25800-GI5_100001_COMET07N3_Lulin_A/g/01-main/0001-img/07-try/GI5_100001_COMET07N3_Lulin_A-ng-gsax.fits
/home/eisa2/fltops/pipe/01-vsn/25802-GI5_100002_COMET07N3_Lulin_B/g/01-main/0001-img/07-try/GI5_100002_COMET07N3_Lulin_B-fg-gsax.fits,/home/eisa2/fltops/pipe/01-vsn/25802-GI5_100002_COMET07N3_Lulin_B/g/01-main/0001-img/07-try/GI5_100002_COMET07N3_Lulin_B-ng-gsax.fits
/home/lin/fltops/pipe/01-vsn/25811-GI5_102001_MB_OB1/g/01-main/0001-img/07-try/GI5_102001_MB_OB1-ng-gsax.fits,/home/lin/fltops/pipe/01-vsn/25811-GI5_102001_MB_OB1/g/01-main/0001-img/07-try/GI5_102001_MB_OB1-ng-gsax.fits
/home/lin/fltops/pipe/01-vsn/25812-GI5_102002_MB_OB2/g/01-main/0001-img/07-try/GI5_102002_MB_OB2-ng-gsax.fits,/home/lin/fltops/pipe/01-vsn/25812-GI5_102002_MB_OB2/g/01-main/0001-img/07-try/GI5_102002_MB_OB2-ng-gsax.fits
/home/hugi4/fltops/pipe/01-vsn/26407-GI6_015004_PK047p42d1/g/01-main/0001-img/07-try/GI6_015004_PK047p42d1-ng-gsax.fits,/home/hugi4/fltops/pipe/01-vsn/26407-GI6_015004_PK047p42d1/g/01-main/0001-img/07-try/GI6_015004_PK047p42d1-ng-gsax.fits
/home/svalin2/fltops/pipe/01-vsn/26419-GI6_015010_PK104m29d1/g/01-main/0001-img/07-try/GI6_015010_PK104m29d1-ng-gsax.fits,/home/svalin2/fltops/pipe/01-vsn/26419-GI6_015010_PK104m29d1/g/01-main/0001-img/07-try/GI6_015010_PK104m29d1-ng-gsax.fits
/home/svalin4/fltops/pipe/01-vsn/26424-GI6_015012_PK148p57d1/g/01-main/0001-img/07-try/GI6_015012_PK148p57d1-ng-gsax.fits,/home/svalin4/fltops/pipe/01-vsn/26424-GI6_015012_PK148p57d1/g/01-main/0001-img/07-try/GI6_015012_PK148p57d1-ng-gsax.fits
/home/eisa2/fltops/pipe/01-vsn/26435-GI6_015018_PK208p33d1/g/01-main/0001-img/07-try/GI6_015018_PK208p33d1-ng-gsax.fits,/home/eisa2/fltops/pipe/01-vsn/26435-GI6_015018_PK208p33d1/g/01-main/0001-img/07-try/GI6_015018_PK208p33d1-ng-gsax.fits
/home/hugi/fltops/pipe/01-vsn/26447-GI6_015024_PK283p25d1/g/01-main/0001-img/07-try/GI6_015024_PK283p25d1-ng-gsax.fits,/home/hugi/fltops/pipe/01-vsn/26447-GI6_015024_PK283p25d1/g/01-main/0001-img/07-try/GI6_015024_PK283p25d1-ng-gsax.fits
/home/hugi4/fltops/pipe/01-vsn/26462-GI6_015031_PK084m03d1/g/01-main/0001-img/07-try/GI6_015031_PK084m03d1-ng-gsax.fits,/home/hugi4/fltops/pipe/01-vsn/26462-GI6_015031_PK084m03d1/g/01-main/0001-img/07-try/GI6_015031_PK084m03d1-ng-gsax.fits
/home/hugi4/fltops/pipe/01-vsn/26564-GI6_025001_R_Aqr/g/01-main/0001-img/07-try/GI6_025001_R_Aqr-ng-gsax.fits,/home/hugi4/fltops/pipe/01-vsn/26564-GI6_025001_R_Aqr/g/01-main/0001-img/07-try/GI6_025001_R_Aqr-ng-gsax.fits
/home/lin3/fltops/pipe/01-vsn/26592-GI6_035001_PTF10abyy/g/01-main/0001-img/07-try/GI6_035001_PTF10abyy-ng-gsax.fits,/home/lin3/fltops/pipe/01-vsn/26592-GI6_035001_PTF10abyy/g/01-main/0001-img/07-try/GI6_035001_PTF10abyy-ng-gsax.fits
/home/svalin2/fltops/pipe/01-vsn/26594-GI6_035002_SN2009at/g/01-main/0001-img/07-try/GI6_035002_SN2009at-ng-gsax.fits,/home/svalin2/fltops/pipe/01-vsn/26594-GI6_035002_SN2009at/g/01-main/0001-img/07-try/GI6_035002_SN2009at-ng-gsax.fits
/home/svalin2/fltops/pipe/01-vsn/26595-GI6_035003_SN2009dd/g/01-main/0001-img/07-try/GI6_035003_SN2009dd-ng-gsax.fits,/home/svalin2/fltops/pipe/01-vsn/26595-GI6_035003_SN2009dd/g/01-main/0001-img/07-try/GI6_035003_SN2009dd-ng-gsax.fits
/home/hugi4/fltops/pipe/01-vsn/26596-GI6_035004_SN2009jf/g/01-main/0001-img/07-try/GI6_035004_SN2009jf-ng-gsax.fits,/home/hugi4/fltops/pipe/01-vsn/26596-GI6_035004_SN2009jf/g/01-main/0001-img/07-try/GI6_035004_SN2009jf-ng-gsax.fits
/home/eisa2/fltops/pipe/01-vsn/26597-GI6_035005_SN2009mi/g/01-main/0001-img/07-try/GI6_035005_SN2009mi-ng-gsax.fits,/home/eisa2/fltops/pipe/01-vsn/26597-GI6_035005_SN2009mi/g/01-main/0001-img/07-try/GI6_035005_SN2009mi-ng-gsax.fits
/home/lin3/fltops/pipe/01-vsn/30051-FOCA_89/g/01-main/0001-img/07-try/FOCA_89-ng-gsax.fits,/home/lin3/fltops/pipe/01-vsn/30051-FOCA_89/g/01-main/0001-img/07-try/FOCA_89-ng-gsax.fits
/home/svalin/fltops/pipe/01-vsn/30061-WDST_BPM_16274/g/01-main/0001-img/07-try/WDST_BPM_16274-fg-gsax.fits,/home/svalin/fltops/pipe/01-vsn/30061-WDST_BPM_16274/g/01-main/0001-img/07-try/WDST_BPM_16274-ng-gsax.fits
/home/svalin3/fltops/pipe/01-vsn/30063-WDST_GD_50/g/01-main/0001-img/07-try/WDST_GD_50-fg-gsax.fits,/home/svalin3/fltops/pipe/01-vsn/30063-WDST_GD_50/g/01-main/0001-img/07-try/WDST_GD_50-ng-gsax.fits
/home/svalin3/fltops/pipe/01-vsn/30065-WDST_HZ_4/g/01-main/0001-img/07-try/WDST_HZ_4-fg-gsax.fits,/home/svalin3/fltops/pipe/01-vsn/30065-WDST_HZ_4/g/01-main/0001-img/07-try/WDST_HZ_4-ng-gsax.fits
/home/vili/fltops/pipe/01-vsn/30068-WDST_LB_227/g/01-main/0001-img/07-try/WDST_LB_227-fg-gsax.fits,/home/vili/fltops/pipe/01-vsn/30068-WDST_LB_227/g/01-main/0001-img/07-try/WDST_LB_227-ng-gsax.fits
/home/vili/fltops/pipe/01-vsn/30069-WDST_HZ_2/g/01-main/0001-img/07-try/WDST_HZ_2-fg-gsax.fits,/home/vili/fltops/pipe/01-vsn/30069-WDST_HZ_2/g/01-main/0001-img/07-try/WDST_HZ_2-ng-gsax.fits
/home/svalin3/fltops/pipe/01-vsn/30071-WDST_G_191B2B/g/01-main/0001-img/07-try/WDST_G_191B2B-fg-gsax.fits,/home/svalin3/fltops/pipe/01-vsn/30071-WDST_G_191B2B/g/01-main/0001-img/07-try/WDST_G_191B2B-ng-gsax.fits
/home/lin3/fltops/pipe/01-vsn/30077-WDST_AGK_+81d266/g/01-main/0001-img/07-try/WDST_AGK_+81d266-fg-gsax.fits,/home/lin3/fltops/pipe/01-vsn/30077-WDST_AGK_+81d266/g/01-main/0001-img/07-try/WDST_AGK_+81d266-ng-gsax.fits
/home/eisa4/fltops/pipe/01-vsn/30079-WDST_GD_108/g/01-main/0001-img/07-try/WDST_GD_108-fg-gsax.fits,/home/eisa4/fltops/pipe/01-vsn/30079-WDST_GD_108/g/01-main/0001-img/07-try/WDST_GD_108-ng-gsax.fits
/home/eisa2/fltops/pipe/01-vsn/30083-WDST_HZ_21/g/01-main/0001-img/07-try/WDST_HZ_21-fg-gsax.fits,/home/eisa2/fltops/pipe/01-vsn/30083-WDST_HZ_21/g/01-main/0001-img/07-try/WDST_HZ_21-ng-gsax.fits
/home/lin3/fltops/pipe/01-vsn/30089-WDST_GD_153/g/01-main/0001-img/07-try/WDST_GD_153-fg-gsax.fits,/home/lin3/fltops/pipe/01-vsn/30089-WDST_GD_153/g/01-main/0001-img/07-try/WDST_GD_153-ng-gsax.fits
/home/lin3/fltops/pipe/01-vsn/30091-WDST_HZ_43/g/01-main/0001-img/07-try/WDST_HZ_43-fg-gsax.fits,/home/lin3/fltops/pipe/01-vsn/30091-WDST_HZ_43/g/01-main/0001-img/07-try/WDST_HZ_43-ng-gsax.fits
/home/eisa/fltops/pipe/01-vsn/30093-WDST_HZ_44/g/01-main/0001-img/07-try/WDST_HZ_44-fg-gsax.fits,/home/eisa/fltops/pipe/01-vsn/30093-WDST_HZ_44/g/01-main/0001-img/07-try/WDST_HZ_44-ng-gsax.fits
/home/svalin2/fltops/pipe/01-vsn/30095-WDST_GRW_p70d5824/g/01-main/0001-img/07-try/WDST_GRW_p70d5824-fg-gsax.fits,/home/svalin2/fltops/pipe/01-vsn/30095-WDST_GRW_p70d5824/g/01-main/0001-img/07-try/WDST_GRW_p70d5824-ng-gsax.fits
/home/lin3/fltops/pipe/01-vsn/30097-WDST_BD_+33d2642/g/01-main/0001-img/07-try/WDST_BD_+33d2642-ng-gsax.fits,/home/lin3/fltops/pipe/01-vsn/30097-WDST_BD_+33d2642/g/01-main/0001-img/07-try/WDST_BD_+33d2642-ng-gsax.fits
/home/eisa2/fltops/pipe/01-vsn/30099-WDST_LDS_749B/g/01-main/0001-img/07-try/WDST_LDS_749B-fg-gsax.fits,/home/eisa2/fltops/pipe/01-vsn/30099-WDST_LDS_749B/g/01-main/0001-img/07-try/WDST_LDS_749B-ng-gsax.fits
/home/svalin/fltops/pipe/01-vsn/30103-WDST_G_93__48/g/01-main/0001-img/07-try/WDST_G_93__48-fg-gsax.fits,/home/svalin/fltops/pipe/01-vsn/30103-WDST_G_93__48/g/01-main/0001-img/07-try/WDST_G_93__48-ng-gsax.fits
/home/svalin/fltops/pipe/01-vsn/30107-WDST_NGC_7293/g/01-main/0001-img/07-try/WDST_NGC_7293-fg-gsax.fits,/home/svalin/fltops/pipe/01-vsn/30107-WDST_NGC_7293/g/01-main/0001-img/07-try/WDST_NGC_7293-ng-gsax.fits
/home/eisa4/fltops/pipe/01-vsn/30109-WDST_LTT_9491/g/01-main/0001-img/07-try/WDST_LTT_9491-fg-gsax.fits,/home/eisa4/fltops/pipe/01-vsn/30109-WDST_LTT_9491/g/01-main/0001-img/07-try/WDST_LTT_9491-ng-gsax.fits
/home/eisa2/fltops/pipe/01-vsn/30115-SA_P177D/g/01-main/0001-img/07-try/SA_P177D-fg-gsax.fits,/home/eisa2/fltops/pipe/01-vsn/30115-SA_P177D/g/01-main/0001-img/07-try/SA_P177D-ng-gsax.fits
/home/eisa2/fltops/pipe/01-vsn/30117-SA_P330E/g/01-main/0001-img/07-try/SA_P330E-fg-gsax.fits,/home/eisa2/fltops/pipe/01-vsn/30117-SA_P330E/g/01-main/0001-img/07-try/SA_P330E-ng-gsax.fits
/home/hugi4/fltops/pipe/01-vsn/30127-WDST_HZ_4a/g/01-main/0001-img/07-try/WDST_HZ_4a-fg-gsax.fits,/home/hugi4/fltops/pipe/01-vsn/30127-WDST_HZ_4a/g/01-main/0001-img/07-try/WDST_HZ_4a-ng-gsax.fits
/home/eisa2/fltops/pipe/01-vsn/30600-WDST_J1308p4930/g/01-main/0001-img/07-try/WDST_J1308p4930-fg-gsax.fits,/home/eisa2/fltops/pipe/01-vsn/30600-WDST_J1308p4930/g/01-main/0001-img/07-try/WDST_J1308p4930-ng-gsax.fits
/home/eisa2/fltops/pipe/01-vsn/30620-WDST_J1423p0149/g/01-main/0001-img/07-try/WDST_J1423p0149-fg-gsax.fits,/home/eisa2/fltops/pipe/01-vsn/30620-WDST_J1423p0149/g/01-main/0001-img/07-try/WDST_J1423p0149-ng-gsax.fits
/home/eisa2/fltops/pipe/01-vsn/30640-WDST_J1431p0422/g/01-main/0001-img/07-try/WDST_J1431p0422-fg-gsax.fits,/home/eisa2/fltops/pipe/01-vsn/30640-WDST_J1431p0422/g/01-main/0001-img/07-try/WDST_J1431p0422-ng-gsax.fits
/home/eisa2/fltops/pipe/01-vsn/30660-WDST_J2112m0640/g/01-main/0001-img/07-try/WDST_J2112m0640-fg-gsax.fits,/home/eisa2/fltops/pipe/01-vsn/30660-WDST_J2112m0640/g/01-main/0001-img/07-try/WDST_J2112m0640-ng-gsax.fits
/home/svalin2/fltops/pipe/01-vsn/30680-WDST_J2206m0733/g/01-main/0001-img/07-try/WDST_J2206m0733-fg-gsax.fits,/home/svalin2/fltops/pipe/01-vsn/30680-WDST_J2206m0733/g/01-main/0001-img/07-try/WDST_J2206m0733-ng-gsax.fits
/home/svalin2/fltops/pipe/01-vsn/30700-WDST_J2241p1316/g/01-main/0001-img/07-try/WDST_J2241p1316-fg-gsax.fits,/home/svalin2/fltops/pipe/01-vsn/30700-WDST_J2241p1316/g/01-main/0001-img/07-try/WDST_J2241p1316-ng-gsax.fits
/home/svalin2/fltops/pipe/01-vsn/30720-WDST_J2258p0009/g/01-main/0001-img/07-try/WDST_J2258p0009-fg-gsax.fits,/home/svalin2/fltops/pipe/01-vsn/30720-WDST_J2258p0009/g/01-main/0001-img/07-try/WDST_J2258p0009-ng-gsax.fits
/home/svalin2/fltops/pipe/01-vsn/30740-WDST_J2317m0016/g/01-main/0001-img/07-try/WDST_J2317m0016-fg-gsax.fits,/home/svalin2/fltops/pipe/01-vsn/30740-WDST_J2317m0016/g/01-main/0001-img/07-try/WDST_J2317m0016-ng-gsax.fits
/home/svalin2/fltops/pipe/01-vsn/30760-WDST_J2358m1034/g/01-main/0001-img/07-try/WDST_J2358m1034-fg-gsax.fits,/home/svalin2/fltops/pipe/01-vsn/30760-WDST_J2358m1034/g/01-main/0001-img/07-try/WDST_J2358m1034-ng-gsax.fits
/home/hugi4/fltops/pipe/01-vsn/30820-WDST_J0211p1403/g/01-main/0001-img/07-try/WDST_J0211p1403-fg-gsax.fits,/home/hugi4/fltops/pipe/01-vsn/30820-WDST_J0211p1403/g/01-main/0001-img/07-try/WDST_J0211p1403-ng-gsax.fits
/home/lin/fltops/pipe/01-vsn/30840-WDST_J0327m0628/g/01-main/0001-img/07-try/WDST_J0327m0628-fg-gsax.fits,/home/lin/fltops/pipe/01-vsn/30840-WDST_J0327m0628/g/01-main/0001-img/07-try/WDST_J0327m0628-ng-gsax.fits
/home/lin/fltops/pipe/01-vsn/30860-WDST_J0327m0711/g/01-main/0001-img/07-try/WDST_J0327m0711-fg-gsax.fits,/home/lin/fltops/pipe/01-vsn/30860-WDST_J0327m0711/g/01-main/0001-img/07-try/WDST_J0327m0711-ng-gsax.fits
/home/eisa2/fltops/pipe/01-vsn/30880-WDST_J0745p4305/g/01-main/0001-img/07-try/WDST_J0745p4305-fg-gsax.fits,/home/eisa2/fltops/pipe/01-vsn/30880-WDST_J0745p4305/g/01-main/0001-img/07-try/WDST_J0745p4305-ng-gsax.fits
/home/hugi4/fltops/pipe/01-vsn/30900-WDST_J0812p0408/g/01-main/0001-img/07-try/WDST_J0812p0408-fg-gsax.fits,/home/hugi4/fltops/pipe/01-vsn/30900-WDST_J0812p0408/g/01-main/0001-img/07-try/WDST_J0812p0408-ng-gsax.fits
/home/hugi4/fltops/pipe/01-vsn/30920-WDST_J0812p5016/g/01-main/0001-img/07-try/WDST_J0812p5016-fg-gsax.fits,/home/hugi4/fltops/pipe/01-vsn/30920-WDST_J0812p5016/g/01-main/0001-img/07-try/WDST_J0812p5016-ng-gsax.fits
/home/eisa2/fltops/pipe/01-vsn/30940-WDST_J0924p5931/g/01-main/0001-img/07-try/WDST_J0924p5931-ng-gsax.fits,/home/eisa2/fltops/pipe/01-vsn/30940-WDST_J0924p5931/g/01-main/0001-img/07-try/WDST_J0924p5931-ng-gsax.fits
